business_name,gbp_url,business_hours,weekly_hours,rating,review_count,top_review_1,top_review_2,top_review_3
DFW HVAC,https://www.google.com/maps/place/DFW+HVAC/data=!4m7!3m6!1s0x864c2964d3f929a1:0x21c885c9a030a6cb!8m2!3d32.9572397!4d-97.0062923!16s%2Fg%2F11j5dwfcq_!19sChIJoSn502QpTIYRy6YwoMmFyCE?authuser=0&hl=en&rclk=1,Closed · Opens 7 am Mon,Sunday: Closed||Monday: 7 am–6 pm||Tuesday: 7 am–6 pm||Wednesday: 7 am–6 pm||Thursday: 7 am–6 pm||Friday: 7 am–6 pm||Saturday: Closed,5,162,"556 S Coppell Rd Ste 103, Coppell, TX 75019, United States","A malfunctioning thermostat led to a control board replacement and thermostat upgrade, restoring comfort in Coppell.","""Incredible service, worked quickly and a reasonable price!"""
The Right Choice Air Conditioning And Plumbing,https://www.google.com/maps/place/The+Right+Choice+Air+Conditioning+And+Plumbing/data=!4m7!3m6!1s0x864c27c4ecba111d:0x20ecd9db8a107463!8m2!3d32.9257901!4d-96.9035782!16s%2Fg%2F11bby3hlzw!19sChIJHRG67MQnTIYRY3QQitvZ7CA?authuser=0&hl=en&rclk=1,Open 24 hours,Sunday: Open 24 hours||Monday: Open 24 hours||Tuesday: Open 24 hours||Wednesday: Open 24 hours||Thursday: Open 24 hours||Friday: Open 24 hours||Saturday: Open 24 hours,4.8,"1,053",The Right Choice Air Conditioning And Plumbing,"13370 Branchview Ln #160, Farmers Branch, TX 75234, United States","Our location has recently moved too 13370 Branch View Ln, Suite 160, Farmers Branch! Still the same company just moved to a larger location for more storage allowing us to provide better pricing for all of our customers! We look forward to working with you."
"Berkeys Plumbing, A/C & Electrical","https://www.google.com/maps/place/Berkeys+Plumbing,+A%2FC+%26+Electrical/data=!4m7!3m6!1s0x8325e18bf7dcdf57:0xf9fc4a6feb70268e!8m2!3d32.8082992!4d-96.7896229!16s%2Fg%2F11vcsjbq74!19sChIJV9_c94vhJYMRjiZw629K_Pk?authuser=0&hl=en&rclk=1",Open 24 hours,Sunday: Open 24 hours||Monday: Open 24 hours||Tuesday: Open 24 hours||Wednesday: Open 24 hours||Thursday: Open 24 hours||Friday: Open 24 hours||Saturday: Open 24 hours,4.9,"3,336","4311 Belmont Ave Ste 125, Dallas, TX 75204, United States","We've maintained an A+ BBB rating since 1997! Consistent quality, honest service, and customer satisfaction drive everything we do. 50 years strong in North Texas! Join thousands of satisfied customers #TrustedService",Francisco did a fantastic job installing my new AC unit. He and his helper were very professional and very knowledgeable about the system and the process of installing the unit. I’m very pleased with the results and I’m pleased with BERKEYS. I would highly recommend them to anyone who needs service.
AC WIZARD,https://www.google.com/maps/place/AC+WIZARD/data=!4m7!3m6!1s0x864ea0805653ab2b:0xc40fc00fad05092f!8m2!3d32.8958809!4d-96.7099006!16s%2Fg%2F1td3l_p4!19sChIJK6tTVoCgToYRLwkFrQ_AD8Q?authuser=0&hl=en&rclk=1,Closed · Opens 8 am Mon,Sunday: Closed||Monday: 8 am–5 pm||Tuesday: 8 am–5 pm||Wednesday: 8 am–5 pm||Thursday: 8 am–5 pm||Friday: 8 am–5 pm||Saturday: 8 am–12 pm,4.1,194,"10725 Sandhill Rd #105, Dallas, TX 75238, United States","""Choose an honest and professional AC service/installation company folks.""","""We used them through the home warranty, and the work done has not lasted."""
Mission Air Conditioning & Plumbing,https://www.google.com/maps/place/Mission+Air+Conditioning+%26+Plumbing/data=!4m7!3m6!1s0x8640c7b2796e3c3b:0xd27e76550a3912dc!8m2!3d29.8024054!4d-95.5283538!16s%2Fg%2F12qh01hvq!19sChIJOzxuebLHQIYR3BI5ClV2ftI?authuser=0&hl=en&rclk=1,Closed · Opens 7 am Mon,Sunday: Closed||Monday: 7 am–7 pm||Tuesday: 7 am–7 pm||Wednesday: 7 am–7 pm||Thursday: 7 am–7 pm||Friday: 7 am–7 pm||Saturday: 8 am–4 pm,4.8,"2,912","1630 Elmview Dr, Houston, TX 77080, United States","RF2C+XM Northwest Houston, Houston, TX, USA","We completed preventive maintenance on two commercial units in Houston today, performing a full check, tightening a loose blower belt, and replacing four ceiling filters. After our inspection everything was running smoothly and the manager appreciated the quick care. Regular upkeep like this helps keep buildings comfortable and trouble-free."
Air Tech of Houston AC & Plumbing,https://www.google.com/maps/place/Air+Tech+of+Houston+AC+%26+Plumbing/data=!4m7!3m6!1s0x8640c6550750ea9d:0xe40fea0d73798ecb!8m2!3d29.8186339!4d-95.4384587!16s%2Fg%2F1wzt2rtr!19sChIJnepQB1XGQIYRy455cw3qD-Q?authuser=0&hl=en&rclk=1,Open 24 hours,Sunday: Open 24 hours||Monday: Open 24 hours||Tuesday: Open 24 hours||Wednesday: Open 24 hours||Thursday: Open 24 hours||Friday: Open 24 hours||Saturday: Open 24 hours,4.9,"6,124","2114 Lou Ellen Ln, Houston, TX 77018, United States","RH96+FJ Central Northwest, Houston, TX, USA","🌟💵 Special offers are available for a limited time on HVAC, plumbing, and electrical services. Save on repairs, maintenance, and home upgrades before these deals are gone."
Bellaire Air Conditioning,https://www.google.com/maps/place/Bellaire+Air+Conditioning/data=!4m7!3m6!1s0x8640c23d7055ea11:0x6156bd4e5c0e8a8e!8m2!3d29.7151226!4d-95.4750368!16s%2Fg%2F126228s76!19sChIJEepVcD3CQIYRjooOXE69VmE?authuser=0&hl=en&rclk=1,Open 24 hours,Sunday: Open 24 hours||Monday: Open 24 hours||Tuesday: Open 24 hours||Wednesday: Open 24 hours||Thursday: Open 24 hours||Friday: Open 24 hours||Saturday: Open 24 hours,4.9,491,Bellaire Air Conditioning - Schedule Your Service Online,Keep Your Home Comfortable In Any Weather With Expert HVAC Service From Bellaire. Call Us.,"5414 Ashbrook Dr, Houston, TX 77081, United States"
House Pro Air Conditioning,https://www.google.com/maps/place/House+Pro+Air+Conditioning/data=!4m7!3m6!1s0x8640c3ce0f68e721:0x635ebede94309e3d!8m2!3d29.827337!4d-95.4068878!16s%2Fg%2F1w9y1h08!19sChIJIedoD87DQIYRPZ4wlN6-XmM?authuser=0&hl=en&rclk=1,Open 24 hours,Sunday: Open 24 hours||Monday: Open 24 hours||Tuesday: Open 24 hours||Wednesday: Open 24 hours||Thursday: Open 24 hours||Friday: Open 24 hours||Saturday: Open 24 hours,4.7,"1,473","330 Garden Oaks Blvd, Houston, TX 77018, United States","AC Not Cooling? 9 Common Causes Houston Homeowners Should Check First When the Houston sun starts shining down and the heat settles in, it probably won’t take long until you turn to your AC. You go to your thermostat, set it to ‘cool’, and wait a few minutes… no matter how long you wait, though, you’re not feeling the cool air you were expecting. Maybe you’re noticing warm air coming from the vents, or maybe there’s no air at all. No matter the problem, you deserve better; here are nine of the most common AC problems that Houston homeowners should check when their air conditioner isn’t cooling the way it should.","""House pro is a great ac company who give fair prices and really good service."""
Revolution Air,https://www.google.com/maps/place/Revolution+Air/data=!4m7!3m6!1s0x8640c710f8f97a2b:0x4b54a69645e2ec28!8m2!3d29.8021813!4d-95.4233225!16s%2Fg%2F11dy1gvh3n!19sChIJK3r5-BDHQIYRKOziRZamVEs?authuser=0&hl=en&rclk=1,Open 24 hours,Sunday: Open 24 hours||Monday: Open 24 hours||Tuesday: Open 24 hours||Wednesday: Open 24 hours||Thursday: Open 24 hours||Friday: Open 24 hours||Saturday: Open 24 hours,4.8,124,"1300 W 19th St #7827, Houston, TX 77008, United States","""I'm blown away by the service and the prices.""","""If you are looking for quality work, honest diagnosis, and fast work."""
"Master AC and Heat, LLC- The Heights","https://www.google.com/maps/place/Master+AC+and+Heat,+LLC-+The+Heights/data=!4m7!3m6!1s0x8640b8eaa555ba1d:0xca8a9ec797fa69c8!8m2!3d29.796459!4d-95.3723125!16s%2Fg%2F11c2qnz1v8!19sChIJHbpVpeq4QIYRyGn6l8eeiso?authuser=0&hl=en&rclk=1",Open 24 hours,Not Found,4.8,180,"2607 North Fwy, Houston, TX 77009, United States","""That is super helpful when both people in household work.""","""Pricing was reasonable for AC service."""
Royal Air Houston,https://www.google.com/maps/place/Royal+Air+Houston/data=!4m7!3m6!1s0x8640d12585c3cd25:0xa181bf4550aaeba0!8m2!3d29.8794469!4d-95.598489!16s%2Fg%2F113j7ll2_!19sChIJJc3DhSXRQIYRoOuqUEW_gaE?authuser=0&hl=en&rclk=1,Closed · Opens 8 am Mon,Sunday: Closed||Monday: 8 am–5 pm||Tuesday: 8 am–5 pm||Wednesday: 8 am–5 pm||Thursday: 8 am–5 pm||Friday: 8 am–5 pm||Saturday: Closed,4.6,"8,437","12519 FM 529, Houston, TX 77041, United States","VCH2+QJ Fairview Gardens, Houston, TX, USA","""This company gave me great price and the service is like none other."""
Richmonds Air,https://www.google.com/maps/place/Richmonds+Air/data=!4m7!3m6!1s0x8640dc9a9c9f0471:0x7ddcebbaaa598234!8m2!3d29.8715404!4d-95.4712652!16s%2Fg%2F1tdgkm__!19sChIJcQSfnJrcQIYRNIJZqrrr3H0?authuser=0&hl=en&rclk=1,Closed · Opens 7 am Mon,Sunday: Closed||Monday: 7 am–7 pm||Tuesday: 7 am–7 pm||Wednesday: 7 am–7 pm||Thursday: 7 am–7 pm||Friday: 7 am–7 pm||Saturday: 7 am–5 pm,4.7,370,"Jacob from Richmond's Air was an outstanding HVAC technician. He was thorough, extremely knowledgeable and helpful throughout the entire visit. While diagnosing the issue, he inspected my whole system--not just the problem area--and … More","Richmond’s Air is the real deal. I recently had them install two whole-home dehumidifiers, and I can confidently say they are the local experts when it comes to this kind of work. James, the owner, and Chris, the lead technician, were … More",Richmond’s Air was able to diagnose and fix my AC issue in one visit after the installing company couldn’t after multiple tries. Now they are my go-to for all things HVAC. Jason has been my technician since the beginning and is always very honest and professional. I would recommend this company to anyone.
Be Cool AC & Heating,https://www.google.com/maps/place/Be+Cool+AC+%26+Heating/data=!4m7!3m6!1s0x8640d0e12bd08267:0x154f35d6d0aab7c7!8m2!3d29.890487!4d-95.6401677!16s%2Fg%2F11f3qy630h!19sChIJZ4LQK-HQQIYRx7eq0NY1TxU?authuser=0&hl=en&rclk=1,Closed · Opens 8 am Mon,Sunday: Closed||Monday: 8 am–6 pm||Tuesday: 8 am–6 pm||Wednesday: 8 am–6 pm||Thursday: 8 am–6 pm||Friday: 8 am–6 pm||Saturday: 8 am–2 pm,5,632,"7710 Cherry Park Dr Ste T418, Houston, TX 77095, United States","""I was beyond impressed at the quality of work and service this company provided.""","""Great service techs and great customer service."""
Houston Smart Air Cooling and Heating,https://www.google.com/maps/place/Houston+Smart+Air+Cooling+and+Heating/data=!4m7!3m6!1s0x8640c3336aed68a9:0x4eff89c2ff730f75!8m2!3d29.7227067!4d-95.603476!16s%2Fg%2F1hhjq0gsn!19sChIJqWjtajPDQIYRdQ9z_8KJ_04?authuser=0&hl=en&rclk=1,Closed · Opens 7 am Mon,Sunday: Closed||Monday: 7 am–6 pm||Tuesday: 7 am–6 pm||Wednesday: 7 am–6 pm||Thursday: 7 am–6 pm||Friday: 7 am–6 pm||Saturday: 8 am–12 pm,4.9,166,"12455 Westpark Dr Unit G3, Houston, TX 77082, United States","Extend the Life of Your HVAC Equipment Your HVAC system is one of the biggest investments in your home. Treat it right, and it can last 15+ years. Skip the maintenance? You could be shopping for a new system years sooner than you should. Smart Air's Maintenance Plans are designed to keep your equipment running stronger, longer: ✔ Seasonal tune-ups ✔ Early issue detection ✔ Discounts on repairs (up to 20%) ✔ Discounts on equipment replacement ✔ Priority scheduling Three tiers to fit any budget — Gold, Platinum, and our VIP Comfort Club. See which plan is right for your home: http://houstonsmartair.com/service-plans #HVACTips #HomeMaintenance #HoustonTX #SmartAir","""Highly recommend this company for HVAC service."""
Ace Comfort Air Conditioning & Heating,https://www.google.com/maps/place/Ace+Comfort+Air+Conditioning+%26+Heating/data=!4m7!3m6!1s0x4f92696cded9f175:0xc9ae35805f8c328f!8m2!3d29.8096381!4d-95.3636446!16s%2Fg%2F11tdgh2z3f!19sChIJdfHZ3mxpkk8RjzKMX4A1rsk?authuser=0&hl=en&rclk=1,Closed · Opens 12 am Mon,Not Found,4.9,210,"601 Milwaukee St, Houston, TX 77009, United States","New Carrier AC Replacement | Houston Heights, TX Ace Comfort Air Conditioning & Heating recently completed a new Carrier air conditioner replacement in Houston Heights, Texas. This homeowner was experiencing reduced cooling performance, higher energy bills, and an aging HVAC system. Our team installed a new high-efficiency Carrier air conditioning system designed to improve indoor comfort, energy efficiency, and long-term reliability. This AC installation included proper refrigerant charging, electrical connections, system startup, airflow verification, and performance testing to ensure maximum cooling efficiency during the Houston summer heat. The new system will provide quieter operation, lower utility costs, and improved home comfort year-round. If you're looking for AC replacement in Houston Heights, air conditioning installation near me, HVAC contractor in Houston, Carrier AC installation, air conditioner replacement, heating and cooling services, or energy-efficient HVAC systems, Ace Comfort Air Conditioning & Heating is here to help.","""Booked online at midnight and had a technician here first thing in the morning."""
Houston HVAC,https://www.google.com/maps/place/Houston+HVAC/data=!4m7!3m6!1s0x2594b6871e12ac3d:0xef70c84108303f7e!8m2!3d29.7220723!4d-95.2906253!16s%2Fg%2F11sjh1ph0v!19sChIJPawSHoe2lCURfj8wCEHIcO8?authuser=0&hl=en&rclk=1,Closed · Opens 12 am Mon,Sunday: Closed||Monday: Open 24 hours||Tuesday: Open 24 hours||Wednesday: Open 24 hours||Thursday: Open 24 hours||Friday: Open 24 hours||Saturday: Open 24 hours,4.9,40,"7629 Elm St, Houston, TX 77023, United States","PPC5+RP Lawndale / Wayside, Houston, TX, USA","""Excellent service at an affordable price!"""
H-Town AC Repair HVAC services Houston,https://www.google.com/maps/place/H-Town+AC+Repair+HVAC+services+Houston/data=!4m7!3m6!1s0x8640bf9a7dfcc61d:0xb12f9248118802c4!8m2!3d29.7258364!4d-95.4464075!16s%2Fg%2F11cp78ybns!19sChIJHcb8fZq_QIYRxAKIEUiSL7E?authuser=0&hl=en&rclk=1,Closed · Opens 7 am Mon,Sunday: Closed||Monday: 7 am–7 pm||Tuesday: 7 am–7 pm||Wednesday: 7 am–7 pm||Thursday: 7 am–7 pm||Friday: 7 am–7 pm||Saturday: 7 am–4 pm,4.8,276,"4243 Purdue St A, Houston, TX 77005, United States","PHG3+8C Greenway / Upper Kirby Area, Houston, TX, USA","""They offered a 10 year service warranty and good quality Carrier equipment."""
Dave Lane's Hi-Tech Mechanical Inc.,https://www.google.com/maps/place/Dave+Lane%27s+Hi-Tech+Mechanical+Inc./data=!4m7!3m6!1s0x8640cf5e823eb8b1:0xad12932e49313438!8m2!3d30.0278302!4d-95.5866083!16s%2Fg%2F1tdw8fsb!19sChIJsbg-gl7PQIYRODQxSS6TEq0?authuser=0&hl=en&rclk=1,Closed · Opens 9 am,Sunday: 9 am–5 pm||Monday: 8 am–7 pm||Tuesday: 8 am–7 pm||Wednesday: 8 am–7 pm||Thursday: 8 am–7 pm||Friday: 8 am–7 pm||Saturday: 9 am–5 pm,4.9,"1,016","17857 Hufsmith - Kohrville Rd, Tomball, TX 77375, United States","""AC Diagnostic was well priced and service was quick and hassle free.""","""My co-worker told me this is a small family owned company that does great work."""
"Abacus Plumbing, Air Conditioning, & Electrical","https://www.google.com/maps/place/Abacus+Plumbing,+Air+Conditioning,+%26+Electrical/data=!4m7!3m6!1s0x8640c5d54b35a963:0xde884c48d45e5c38!8m2!3d29.9421473!4d-95.3293103!16s%2Fg%2F1v_vt8w3!19sChIJY6k1S9XFQIYROFxe1EhMiN4?authuser=0&hl=en&rclk=1",Open 24 hours,Sunday: Open 24 hours||Monday: Open 24 hours||Tuesday: Open 24 hours||Wednesday: Open 24 hours||Thursday: Open 24 hours||Friday: Open 24 hours||Saturday: Open 24 hours,4.7,"11,802","Abacus Plumbing, Air Conditioning, & Electrical","4001 Kendrick Plaza Dr, Houston, TX 77032, United States","Award-Winning Service Since 2003 Recognized by BBB, Angie's List, and Home Advisor! Consistent quality, honest service, and customer satisfaction drive everything we do in Houston. #TrustedService"
Ethan Clark Air Conditioning,https://www.google.com/maps/place/Ethan+Clark+Air+Conditioning/data=!4m7!3m6!1s0x8640bf2a3bf00cef:0xd8c1edd1a2eb234!8m2!3d29.7686692!4d-95.3536644!16s%2Fg%2F1v9t_8pg!19sChIJ7wzwOyq_QIYRNLIuGt0ejA0?authuser=0&hl=en&rclk=1,Closed · Opens 8 am Mon,Sunday: Closed||Monday: 8 am–5 pm||Tuesday: 8 am–5 pm||Wednesday: 8 am–5 pm||Thursday: 8 am–5 am||Friday: 8 am–5 pm||Saturday: Closed,5,174,"1320 Rothwell St, Houston, TX 77002, United States","QJ9W+FG Downtown Houston, Houston, TX, USA","""Year after year, consistent quality of service and responsiveness."""
"Heights A/C & Heating, LLC.","https://www.google.com/maps/place/Heights+A%2FC+%26+Heating,+LLC./data=!4m7!3m6!1s0x8640c77cbef22343:0x549a650b025e554e!8m2!3d29.8339515!4d-95.4346126!16s%2Fg%2F11cs4gk9zn!19sChIJQyPyvnzHQIYRTlVeAgtlmlQ?authuser=0&hl=en&rclk=1",Closed · Opens 8 am Mon,Sunday: Closed||Monday: 8 am–5 pm||Tuesday: 8 am–5 pm||Wednesday: 8 am–5 pm||Thursday: 8 am–5 pm||Friday: 8 am–5 pm||Saturday: Closed,4.9,68,"Hands down the best AC and heating biz anywhere! Thomas and Sara are like having great friends you know have an AC company. Trustworthy, honest impeccable work! They will explain everything show up on time and do amazing work, they did even more for my new system they installed then they needed too! I won’t use anybody else! Love them.",My AC had been making a very annoying noise. Village AC came out and gave me a quote of $3500 to replace the blower motor. We got a second opinion from Heights and the tech Mitch immediately knew the noise was just a loose piece of metal … More,"I needed to replace 2 air conditioning units, 2 furnaces, and  ductwork. Given the scale & cost involved, I did my due diligence getting 4 quotes. The other 3 companies sent a salesperson, only Heights AC sent a Technician. Mitch's … More"
Baker-Jones Co. Inc,https://www.google.com/maps/place/Baker-Jones+Co.+Inc/data=!4m7!3m6!1s0x8640bf7112955d49:0x830db26f493f4f25!8m2!3d29.6973266!4d-95.3569617!16s%2Fg%2F1v8y4dml!19sChIJSV2VEnG_QIYRJU8_SW-yDYM?authuser=0&hl=en&rclk=1,Closed · Opens 8 am Mon,Sunday: Closed||Monday: 8 am–5 pm||Tuesday: 8 am–5 pm||Wednesday: 8 am–5 pm||Thursday: 8 am–5 pm||Friday: 8 am–5 pm||Saturday: Closed,5,232,"6314 St Augustine St, Houston, TX 77021, United States","""This company has been serving me for over 20 years from sales to service.""","""Grad customer service, speedy response, very reasonable price."""
Excel Air,https://www.google.com/maps/place/Excel+Air/data=!4m7!3m6!1s0x8640d1fec4b7eec3:0xd19bdf9d0a020a14!8m2!3d29.8565291!4d-95.5654608!16s%2Fg%2F11fn22mrz4!19sChIJw-63xP7RQIYRFAoCCp3fm9E?authuser=0&hl=en&rclk=1,Open 24 hours,Sunday: Open 24 hours||Monday: Open 24 hours||Tuesday: Open 24 hours||Wednesday: Open 24 hours||Thursday: Open 24 hours||Friday: Open 24 hours||Saturday: Open 24 hours,4.9,483,"6125 W Sam Houston Pkwy N Ste 301, Houston, TX 77041, United States","""Ishmael is knowledgeable on service issues and personable to work with.""","""If your a senior discount was better two Great place to do business"
68 Degrees HVAC,https://www.google.com/maps/place/68+Degrees+HVAC/data=!4m7!3m6!1s0x8640d32842c0a06f:0xf01a45b02e542e26!8m2!3d29.836095!4d-95.46119!16s%2Fg%2F11jdxygmgj!19sChIJb6DAQijTQIYRJi5ULrBFGvA?authuser=0&hl=en&rclk=1,Closed · Opens 8 am Mon,Sunday: Closed||Monday: 8 am–5 pm||Tuesday: 8 am–5 pm||Wednesday: 8 am–5 pm||Thursday: 8 am–5 pm||Friday: 8 am–5 pm||Saturday: Closed,5,260,"Best HVAC service I’ve ever had.  Steve was very technically knowledgeable, the installation was done extremely well and they were clean and cautious.  Actually have air in my office for the first time in this house!  The master bedroom … More","68 Degrees is the only HVAC company I will ever call. Every technician they’ve sent has been knowledgeable, friendly, and honest. They provide excellent service, explain everything clearly, and never try to sell you something you don’t need. I highly recommend them.","We had a great experience with 68 Degrees and highly recommend them. They were prompt, professional, honest, and friendly from start to finish. It’s hard to find companies you can truly trust, but they took the time to explain everything, … More"
"Peter's Plumbing & Remodeling, LLC","https://www.google.com/maps/place/Peter%27s+Plumbing+%26+Remodeling,+LLC/data=!4m7!3m6!1s0x8640d7e511f8f3c3:0x114cccbecdcc2b05!8m2!3d29.902044!4d-95.66448!16s%2Fg%2F11h1vbldnw!19sChIJw_P4EeXXQIYRBSvMzb7MTBE?authuser=0&hl=en&rclk=1",Closed · Opens 8 am Mon,Sunday: Closed||Monday: 8 am–5 pm||Tuesday: 8 am–5 pm||Wednesday: 8 am–5 pm||Thursday: 8 am–5 pm||Friday: 8 am–5 pm||Saturday: 8 am–5 pm,4.9,128,"16519 Innisbrook Dr, Houston, TX 77095, United States","""Was able to offer same day service and his pricing beat out the competition.""","""He installed our sink faucet and toilet Clean work and affordable price"
Mitchells Mechanical,https://www.google.com/maps/place/Mitchells+Mechanical/data=!4m7!3m6!1s0x86473424aa9ff82b:0xc32bbe40ada4948c!8m2!3d30.055431!4d-95.354928!16s%2Fg%2F119vtmld5!19sChIJK_ifqiQ0R4YRjJSkrUC-K8M?authuser=0&hl=en&rclk=1,Closed · Opens 9 am,Sunday: 9 am–5 pm||Monday: 9 am–8 pm||Tuesday: 9 am–12:30 am||Wednesday: 9 am–8 pm||Thursday: 9 am–8 pm||Friday: 9 am–8 pm||Saturday: 9 am–5 pm,4.7,56,Mitchell's Mechanical - Heating & Cooling Solutions,Experience reliable heating and cooling. Our licensed technicians are ready to help.,"23801 Cypresswood Dr Ste 107, Spring, TX 77373, United States"
24 Seven AC,https://www.google.com/maps/place/24+Seven+AC/data=!4m7!3m6!1s0xaa87679721340715:0x746334127b854644!8m2!3d29.7383403!4d-95.605409!16s%2Fg%2F11sdp1vxqn!19sChIJFQc0IZdnh6oRREaFexI0Y3Q?authuser=0&hl=en&rclk=1,Closed · Opens 10 am Mon,Sunday: Closed||Monday: 10 am–8 pm||Tuesday: 10 am–8 pm||Wednesday: 10 am–8 pm||Thursday: 10 am–8 pm||Friday: 10 am–8 pm||Saturday: Closed,4.9,406,"2415 S Dairy Ashford Rd Ste C005, Houston, TX 77077, United States","24/7 HVAC Emergency Repair – Fast AC Help When You Need It Most Facing an HVAC emergency repair in Houston right now? 24 Seven AC provides rapid, reliable cooling relief when you need it most. Our expert techs restore your comfort with transparent pricing. Don’t sweat the heat—call the pros today!","""Amazing service and honest people with competitive prices"""
75 Degree AC- Houston,https://www.google.com/maps/place/75+Degree+AC-+Houston/data=!4m7!3m6!1s0x8640c668d5afffff:0xd5c7e9b53695698c!8m2!3d29.8199977!4d-95.4604187!16s%2Fg%2F11sh5x8lcj!19sChIJ__-v1WjGQIYRjGmVNrXpx9U?authuser=0&hl=en&rclk=1,Closed · Opens 8 am,Not Found,5,239,"4800 W 34th St C50F, Houston, TX 77092, United States","RG9Q+XR Central Northwest, Houston, TX, USA","Houston forecast: 97 by Saturday, heat index near 106°F. If your AC hasn't been serviced since last summer, this is your last realistic window. Once it crosses 95 here, calls spike citywide, and every company goes from same-week to a 5 to 7 day backlog. What we're finding this week: clogged drain lines, coils packed with spring pollen, weak capacitors, and slow refrigerant leaks. These are $200 to $400 fixes now. They become $1,200 to $2,500 emergencies in July. $89 tune-up, same-week slots still open across Houston."
Comfort Star Ac Repair,https://www.google.com/maps/place/Comfort+Star+Ac+Repair/data=!4m7!3m6!1s0x8640c3d6885d70df:0xf1545701d2e739a3!8m2!3d29.7984519!4d-95.5211746!16s%2Fg%2F126228ggm!19sChIJ33BdiNbDQIYRoznn0gFXVPE?authuser=0&hl=en&rclk=1,Closed · Opens 8 am Mon,Sunday: Closed||Monday: 8 am–8 pm||Tuesday: 8 am–8 pm||Wednesday: 8 am–8 pm||Thursday: 8 am–8 pm||Friday: 8 am–8 pm||Saturday: 8 am–5 pm,4.9,408,"9319 Long Point Rd, Houston, TX 77055, United States","QFXH+9G Spring Branch Central, Houston, TX, USA",Contact us for a free consultation Make an appointment today for an Estimate! #acrepair #acrepairhouston #comfortstaracrepair
P & M Air Conditioning and Heating,https://www.google.com/maps/place/P+%26+M+Air+Conditioning+and+Heating/data=!4m7!3m6!1s0x8640bdffa836c8e9:0xec0635321b31cc57!8m2!3d29.685208!4d-95.3077!16s%2Fg%2F1tjdrqc7!19sChIJ6cg2qP-9QIYRV8wxGzI1Buw?authuser=0&hl=en&rclk=1,Closed · Opens 8 am Mon,Sunday: Closed||Monday: 8 am–5 pm||Tuesday: 8 am–5 pm||Wednesday: 8 am–5 pm||Thursday: 8 am–5 pm||Friday: 8 am–5 pm||Saturday: Closed,4.7,232,"6734 Rupley Cir, Houston, TX 77087, United States","MMPR+3W Southeast Houston, Houston, TX, USA","""Great Job"" - Patti LeClear. Enjoying a cool and comfortable home in Houston is crucial as temperatures rise. Regular HVAC maintenance helps prevent breakdowns during the heat. 💧 Before summer hits, check your air filters and clean your outdoor unit to enhance efficiency. Scheduled servicing ensures your system operates its best! For expert HVAC service in Houston and the surrounding areas, reach out today! ☀️ #HVACNearMe #ACRepairNearMe #HoustonAirConditioning #SummerReady"
"Bayou City Aire, LLC","https://www.google.com/maps/place/Bayou+City+Aire,+LLC/data=!4m7!3m6!1s0x8640b8eba3caf80b:0x66c0161a66f9841!8m2!3d29.8147425!4d-95.3838166!16s%2Fg%2F1thp8cb7!19sChIJC_jKo-u4QIYRQZhvpmEBbAY?authuser=0&hl=en&rclk=1",Closed · Opens 8 am Mon,Sunday: Closed||Monday: 8 am–5 pm||Tuesday: 8 am–5 pm||Wednesday: 8 am–5 pm||Thursday: 8 am–5 pm||Friday: 8 am–5 pm||Saturday: Closed,4.9,74,"1205 North Loop, Houston, TX 77022, United States","""Excellent service, great communication and transparent pricing.""","""The restored sound of the blower fan was music to my ears."""
Texas Strong Mechanical,https://www.google.com/maps/place/Texas+Strong+Mechanical/data=!4m7!3m6!1s0x8640aff1b0996d45:0x4a55a0604b8d6255!8m2!3d29.9977625!4d-95.2649748!16s%2Fg%2F11h55nwr3y!19sChIJRW2ZsPGvQIYRVWKNS2CgVUo?authuser=0&hl=en&rclk=1,Open 24 hours,Sunday: Open 24 hours||Monday: Open 24 hours||Tuesday: Open 24 hours||Wednesday: Open 24 hours||Thursday: Open 24 hours||Friday: Open 24 hours||Saturday: Open 24 hours,4.9,273,"120 E Main St, Humble, TX 77338, United States","Is your air conditioner ready to survive another brutal Houston summer, or is it a breakdown waiting to happen? Stay ahead of the game with Texas Strong Mechanical!","""Great work at a reasonable price with well groomed & trained professionals."""
Air-Ton Heating and AC,https://www.google.com/maps/place/Air-Ton+Heating+and+AC/data=!4m7!3m6!1s0x8640eb04c0a3110b:0xdc33486b2f6419b7!8m2!3d29.6606427!4d-95.4444795!16s%2Fg%2F11c31q2mqq!19sChIJCxGjwATrQIYRtxlkL2tIM9w?authuser=0&hl=en&rclk=1,Closed · Opens 7:30 am Mon,Sunday: Closed||Monday: 7:30 am–8 pm||Tuesday: 7:30 am–8 pm||Wednesday: 7:30 am–8 pm||Thursday: 7:30 am–8 pm||Friday: 7:30 am–8 pm||Saturday: 9 am–3 pm,5,195,"4102 Dawn, Houston, TX 77025, United States","MH64+76 Willow Meadows/ Willowbend Area, Houston, TX, USA",𝐇𝐨𝐰 𝐂𝐚𝐧 𝐈 𝐀𝐟𝐟𝐨𝐫𝐝 𝐚 𝐍𝐞𝐰 𝐀𝐂 𝐒𝐲𝐬𝐭𝐞𝐦 (𝐚𝐧𝐝 𝐎𝐭𝐡𝐞𝐫 𝐇𝐕𝐀𝐂 𝐄𝐪𝐮𝐢𝐩𝐦𝐞𝐧𝐭)? Need a new AC or HVAC system in West University Place but unsure how to afford it? Air-Ton Heating & AC's newest blog covers cost-saving strategies and options to make your upgrade easier. Learn more today!
Spring Branch AC,https://www.google.com/maps/place/Spring+Branch+AC/data=!4m7!3m6!1s0x8640cfacbec83fdb:0x201345c3d2a143c4!8m2!3d29.8662889!4d-95.5208938!16s%2Fg%2F1tfqg5km!19sChIJ2z_IvqzPQIYRxEOh0sNFEyA?authuser=0&hl=en&rclk=1,Closed · Opens 12 am Mon,Sunday: Closed||Monday: Open 24 hours||Tuesday: Open 24 hours||Wednesday: Open 24 hours||Thursday: Open 24 hours||Friday: Open 24 hours||Saturday: Open 24 hours,4.9,409,"6817 Flintlock Rd E, Houston, TX 77040, United States","VF8H+GJ Northwest Houston, Houston, TX, USA",Before Summer Inspections! Full Year of Maintenance for $149!
Nick's Plumbing & Air Conditioning,https://www.google.com/maps/place/Nick%27s+Plumbing+%26+Air+Conditioning/data=!4m7!3m6!1s0x8640c76a4c3f8f73:0x7ae991add0786989!8m2!3d29.8200218!4d-95.3989549!16s%2Fg%2F1tf719p9!19sChIJc48_TGrHQIYRiWl40K2R6Xo?authuser=0&hl=en&rclk=1,Closed · Opens 8 am Mon,Sunday: Closed||Monday: 8 am–6 pm||Tuesday: 8 am–6 pm||Wednesday: 8 am–6 pm||Thursday: 8 am–6 pm||Friday: 8 am–6 pm||Saturday: 8 am–5 pm,4.7,"4,193","3780 Yale St, Houston, TX 77018, United States","""I was impressed with the quality of the work, the friendly staff and the price.""","""Professional performance from all,; answering service, office, and technician."""
Uptown Heating & Air Conditioning,https://www.google.com/maps/place/Uptown+Heating+%26+Air+Conditioning/data=!4m7!3m6!1s0x8640daaa48c80277:0x58e1c3d77bdd2965!8m2!3d29.7265181!4d-95.5739939!16s%2Fg%2F11g8vcj293!19sChIJdwLISKraQIYRZSnde9fD4Vg?authuser=0&hl=en&rclk=1,Closed · Opens 5 am Mon,Not Found,4.9,"2,704","11211 Richmond Ave Ste B102, Houston, TX 77082, United States","SPRING, TX: DON’T LET A SMALL A/C PROBLEM GET WORSE In Spring, TX, your A/C needs to be ready for the heat. If your system is not cooling properly, making noises, leaking water, or running longer than usual, it may be time for a repair. Fixing your A/C early can help: ✔ Prevent costly breakdowns ✔ Keep your home cool and comfortable ✔ Improve airflow and cooling performance ✔ Reduce stress on the compressor ✔ Help lower energy use ✔ Extend the life of your system Ignoring small A/C issues can lead to bigger repairs and leave you without cooling when you need it most. Stay cool in Spring, TX — repair your A/C before the problem becomes bigger. Uptown Heating and Air Conditioning ❄️ #SpringTX #ACRepair #HVACService #AirConditioning #SpringHVAC #HVACRepair #TexasHeat #HomeComfort #CoolingSystem #StayCool #ACService #PreventBreakdowns #UptownHeatingAndAirConditioning","""Great customer service excellent communicate skills love work with thw company"""
Courtesy Air Conditioning & Heating,https://www.google.com/maps/place/Courtesy+Air+Conditioning+%26+Heating/data=!4m7!3m6!1s0x8640c3bf0ad1018f:0x188be72bbd06ef2b!8m2!3d29.7494311!4d-95.6263833!16s%2Fg%2F1tdy087b!19sChIJjwHRCr_DQIYRK-8GvSvnixg?authuser=0&hl=en&rclk=1,Closed · Opens 10 am,Sunday: 10 am–5 pm||Monday: 8 am–10 pm||Tuesday: 8 am–10 pm||Wednesday: 8 am–10 pm||Thursday: 8 am–10 pm||Friday: 8 am–10 pm||Saturday: 9 am–9 pm,5,213,"1950 Eldridge Pkwy, Houston, TX 77077, United States","P9XF+QC Energy Corridor, Houston, TX, USA","""Excellent air conditioning company there service was exc. from start to finish."""
Sugar Land AC and Heating,https://www.google.com/maps/place/Sugar+Land+AC+and+Heating/data=!4m7!3m6!1s0x8640e9601998d299:0xcdf02addbadd70ea!8m2!3d29.6939815!4d-95.6124371!16s%2Fg%2F11g2zglq5d!19sChIJmdKYGWDpQIYR6nDdut0q8M0?authuser=0&hl=en&rclk=1,Closed · Opens 8 am Mon,Sunday: Closed||Monday: 8 am–5 pm||Tuesday: 8 am–5 pm||Wednesday: 8 am–5 pm||Thursday: 8 am–5 pm||Friday: 8 am–5 pm||Saturday: 8 am–12 pm,5,153,"7615 Summer Glen Ln, Houston, TX 77072, United States","""Great work, Awesome service and prices.""","""Great professional services from management to the repairmen staff."""
Houk Air Conditioning Houston,https://www.google.com/maps/place/Houk+Air+Conditioning+Houston/data=!4m7!3m6!1s0x8640be0e41536659:0xbc81c52283af6d94!8m2!3d29.9902497!4d-95.3741508!16s%2Fg%2F11b77qrmpn!19sChIJWWZTQQ6-QIYRlG2vgyLFgbw?authuser=0&hl=en&rclk=1,Closed · Opens 8 am Mon,Sunday: Closed||Monday: 8 am–5 pm||Tuesday: 8 am–5 pm||Wednesday: 8 am–5 pm||Thursday: 8 am–5 pm||Friday: 8 am–5 pm||Saturday: Closed,4.6,865,"18720 Intercontinental Crossing Dr, Houston, TX 77032, United States","🌬️ Improve Airflow and Cooling Performance 🌬️ Poor airflow can reduce comfort and force your AC system to work harder. Cleaning filters, inspecting ducts, and servicing your HVAC system can improve airflow and help maintain consistent cooling. #HoustonHVAC #HoustonACRepair #AirConditioningHouston #HoustonCooling #HVACRepairNearMe #TexasHeat #HoukAirConditioning","""Prompt service, very knowledgeable and respectful of the customer's home."""
The Katy Plumbing Company Heating & Air,https://www.google.com/maps/place/The+Katy+Plumbing+Company+Heating+%26+Air/data=!4m7!3m6!1s0x8641277ff9704839:0x23f29f816f8e64d2!8m2!3d29.796604!4d-95.823997!16s%2Fg%2F1hc6jgz16!19sChIJOUhw-X8nQYYR0mSOb4Gf8iM?authuser=0&hl=en&rclk=1,Open 24 hours,Sunday: Open 24 hours||Monday: Open 24 hours||Tuesday: Open 24 hours||Wednesday: Open 24 hours||Thursday: Open 24 hours||Friday: Open 24 hours||Saturday: Open 24 hours,4.9,"3,637","1704 Avenue D, Katy, TX 77493, United States","🚨 Now Hiring: Part-Time Evening Dispatcher (Work From Home!) 🚨 Katy Plumbing Company Heating & Air is looking for a reliable, experienced Evening Dispatcher to join our team! 🕓 Schedule: • Monday, Tuesday & Wednesday • 4:00 PM – 7:00 AM (overnight availability required) 🏠 Work From Home Position ✅ Requirements: • Prior dispatch experience • Strong customer service skills • Computer proficiency • Reliable internet connection • Availability for one week of daytime training If you’re organized, dependable, and experienced in dispatching, we’d love to hear from you! 📧 Apply or inquire: Send your resume or questions to mandy@katyplumbers.com 👉 Feel free to share with anyone who might be a great fit!","""Ryan was great… answered all my questions.. gave me a price before service."""
Space City Mechanical,https://www.google.com/maps/place/Space+City+Mechanical/data=!4m7!3m6!1s0x8640ea5b2d02a195:0xc8c594293530252e!8m2!3d29.6462653!4d-95.4463011!16s%2Fg%2F11c1sk1fjh!19sChIJlaECLVvqQIYRLiUwNSmUxcg?authuser=0&hl=en&rclk=1,Closed · Opens 8 am,Sunday: 8 am–5 pm||Monday: Open 24 hours||Tuesday: Open 24 hours||Wednesday: Open 24 hours||Thursday: Open 24 hours||Friday: Open 24 hours||Saturday: Open 24 hours,4.9,69,"12585 Hiram Clarke Rd, Houston, TX 77045, United States","JHW3+GF Central Southwest, Houston, TX, USA","""I truly appreciate their quality work and friendly service."""
"Air Current AC & Heat, LLC","https://www.google.com/maps/place/Air+Current+AC+%26+Heat,+LLC/data=!4m7!3m6!1s0x8640c343dc630233:0x95a50b4d59336fe9!8m2!3d29.6835398!4d-95.5125013!16s%2Fg%2F11hdj4xvpz!19sChIJMwJj3EPDQIYR6W8zWU0LpZU?authuser=0&hl=en&rclk=1",Closed · Opens 10 am,Sunday: 10 am–4 pm||Monday: 8 am–6 pm||Tuesday: 8 am–6 pm||Wednesday: 8 am–6 pm||Thursday: 8 am–6 pm||Friday: 8 am–6 pm||Saturday: 10 am–4 pm,5,182,"8703 Bonhomme Rd, Houston, TX 77074, United States","Thermostat Settings for Energy Savings This Summer Looking to stay cool without driving up energy bills? During the summer, setting your thermostat to 78 degrees when you are home is a great balance between comfort and efficiency. When you are away, consider raising the temperature a few degrees to reduce unnecessary cooling. Using a programmable or smart thermostat makes these adjustments easy and automatic. Small changes in your settings can lead to noticeable savings over the course of the season. Have questions about optimizing your system for summer? Give us a call!","""I could not be happier with him and the quality of service I received today!"""
M E Brown Air Conditioning Company LLC,https://www.google.com/maps/place/M+E+Brown+Air+Conditioning+Company+LLC/data=!4m7!3m6!1s0x8640cf5e81bfcd1d:0x3a4c80c5ca9a8276!8m2!3d29.9013485!4d-95.5390558!16s%2Fg%2F1tzgk07t!19sChIJHc2_gV7PQIYRdoKaysWATDo?authuser=0&hl=en&rclk=1,Closed · Opens 5 am Mon,Sunday: Closed||Monday: 5 am–7 pm||Tuesday: 5 am–7 pm||Wednesday: 5 am–7 pm||Thursday: 5 am–7 pm||Friday: 5 am–7 pm||Saturday: 5 am–2 pm,4.9,304,"Windfern Rd, Houston, TX 77064, United States","""They are great people providing excellent service at a far price.""","""Their pricing was fair, and the quality of work was excellent."""
Valderrama A/C & Refrigeration,https://www.google.com/maps/place/Valderrama+A%2FC+%26+Refrigeration/data=!4m7!3m6!1s0x864097fea463aa33:0x8958851be35381b9!8m2!3d29.6557924!4d-95.2433499!16s%2Fg%2F11nymhng7_!19sChIJM6pjpP6XQIYRuYFT4xuFWIk?authuser=0&hl=en&rclk=1,Closed · Opens 8 am,Sunday: 8 am–5 pm||Monday: 7 am–11 pm||Tuesday: 7 am–11 pm||Wednesday: 7 am–11 pm||Thursday: 7 am–11 pm||Friday: 7 am–11 pm||Saturday: 7 am–11 pm,4.8,309,"1212 Illinois St, South Houston, TX 77587, United States","""They offered great pricing without sacrificing quality or service.""","""Best services fast response and great prices I definitely recommend them"""
Texas Pride Air Conditioning & Heating,https://www.google.com/maps/place/Texas+Pride+Air+Conditioning+%26+Heating/data=!4m7!3m6!1s0x8640c723cb4faa15:0x956383ad0aa89629!8m2!3d29.8339515!4d-95.4346126!16s%2Fg%2F1263hlzfl!19sChIJFapPyyPHQIYRKZaoCq2DY5U?authuser=0&hl=en&rclk=1,Closed · Opens 8 am Mon,Sunday: Closed||Monday: 8 am–6 pm||Tuesday: 8 am–6 pm||Wednesday: 8 am–6 pm||Thursday: 8 am–6 pm||Friday: 8 am–6 pm||Saturday: 8 am–6 pm,4.9,405,"Cold Climate Heat Pumps Are HVAC Game Changers If you are looking for an HVAC system that heats and cools your Houston home, lowers energy bills, and is easy on the environment and your budget, consider an air-source heat pump. If you are worried about lackluster heat pump performance and efficiency in freezing winter temperatures, get a cold climate heat pump. Cold climate heat pumps are an excellent solution for homeowners who want superior heating performance in low temperatures, like geothermal, but with lower upfront costs.",Great price for the install of my new AC. They were on time and they finished the job quickly. They also cleaned up afterwards. … More,"Services over and above, they came after hours,  the owner took my call and personally performed the needed service. I have been a customer for over 20 years they have replaced 3 complete systems and have reliable and efficient service … More"
Service Experts Houston,https://www.google.com/maps/place/Service+Experts+Houston/data=!4m7!3m6!1s0x8640db314c21c923:0x1e931a697f8c9024!8m2!3d29.9384103!4d-95.324217!16s%2Fg%2F1tdvdzdl!19sChIJI8khTDHbQIYRJJCMf2kakx4?authuser=0&hl=en&rclk=1,Open 24 hours,Sunday: Open 24 hours||Monday: Open 24 hours||Tuesday: Open 24 hours||Wednesday: Open 24 hours||Thursday: Open 24 hours||Friday: Open 24 hours||Saturday: Open 24 hours,4.8,"4,478","4250 N Sam Houston Pkwy E Ste 130, Houston, TX 77032, United States","When summer temperatures rise, your HVAC and plumbing systems work overtime. Small, hidden issues can quickly turn into expensive emergencies during peak heatwaves. For all your HVAC and plumbing needs, leave it to the Experts and enjoy a worry-free summer Check out our Summer Specials today and save.","Wendell Steen from Church Services did an excellent job repairing our A/C! He was on time, efficient, successful and very professional and respectful. Wendell was very clear in explaining the problem and options for preventing the problem from happening again. I would definitely recommend Wendell as a competent A/C repairman"
Air Rey - Houston,https://www.google.com/maps/place/Air+Rey+-+Houston/data=!4m7!3m6!1s0x8640dda1de759317:0x1453b6d9e16f3ac5!8m2!3d29.863974!4d-95.582323!16s%2Fg%2F11g0k1ytm5!19sChIJF5N13qHdQIYRxTpv4dm2UxQ?authuser=0&hl=en&rclk=1,Closed · Opens 8 am,Sunday: 8 am–9 pm||Monday: 8 am–9 pm||Tuesday: 8 am–9 pm||Wednesday: 8 am–9 pm||Thursday: 8 am–9 pm||Friday: 8 am–9 pm||Saturday: 8 am–9 pm,4.6,974,"6529 Cunningham Rd #2001, Houston, TX 77041, United States",Es la peor decision que hice al ver buscado esta compania me cambian todo el systema todo nuevo y a los nueves 9 se conjela y luego q llegan y dis q lo reparan y otra ves a los 10 despues igual y mandan alguin q lo revicen el mantes y te dicen todo esta trabajando bien no pasa 2 dia s y esta el air con el mismo prolemasolo hay q hacerle una reparation pero la repa Asta el 04/29/2025 esta compania es lmalicima en servio empesando con service al cliente le pedi hablar con un manager y medijero es q no tiene manager x atenderme,"""His workmanship and customer care truly reflect a high standard of service."""
ARS / Rescue Rooter,https://www.google.com/maps/place/ARS+%2F+Rescue+Rooter/data=!4m7!3m6!1s0x8640cfff344ab659:0x5e9a0b32e42faca0!8m2!3d29.8583368!4d-95.5565833!16s%2Fg%2F1tfkwpxr!19sChIJWbZKNP_PQIYRoKwv5DILml4?authuser=0&hl=en&rclk=1,Open 24 hours,Not Found,4.6,"12,248","10515 Okanella St Ste 100, Houston, TX 77041, United States","VC5V+89 Northwest Houston, Houston, TX, USA","The start of summer can bring heavy storms and sudden plumbing emergencies. High winds and a lot of rain can put a strain on your home's drainage and sewer systems. Our professionals are available to handle urgent issues like burst pipes or major backups. Our technicians arrive quickly with the tools needed to stop water damage and restore your home to safety. We understand that a plumbing emergency is a stressful event, and we work hard to provide a calm and professional solution. Our team is trained to handle high-pressure situations with skill and care. Being prepared for a plumbing emergency is the best way to protect your property. Our professionals can show you how to shut off your water and electricity in an emergency. If a storm causes a pipe to break, our technicians can perform a professional repair immediately. We use high-quality materials to ensure the fix is permanent. Our professionals also check for any damage to your main lines after a big storm. We provide a thorough inspection to make sure your home is secure for the rest of the summer. Our team is dedicated to providing reliable and professional service when you need it most. Do not hesitate to call our technicians if you experience a sudden plumbing problem. We are here to provide the expert help your home requires. Trust our professionals to keep your plumbing system safe all summer long."
Aire Serv of Central & West Houston,https://www.google.com/maps/place/Aire+Serv+of+Central+%26+West+Houston/data=!4m7!3m6!1s0x8640dbed7581de8d:0xb774839480685550!8m2!3d29.736916!4d-95.4419929!16s%2Fg%2F11fgm1vcdn!19sChIJjd6Bde3bQIYRUFVogJSDdLc?authuser=0&hl=en&rclk=1,Open 24 hours,Sunday: Open 24 hours||Monday: Open 24 hours||Tuesday: Open 24 hours||Wednesday: Open 24 hours||Thursday: Open 24 hours||Friday: Open 24 hours||Saturday: Open 24 hours,4.9,200,"3100 Weslayan St Ste 232, Houston, TX 77027, United States","PHP5+Q6 Greenway / Upper Kirby Area, Houston, TX, USA","An AC that cools but leaves the house sticky means it is cycling too fast to remove humidity. Aire Serv of Central & West Houston diagnoses the real cause and recommends the right solution. Sometimes a whole-home dehumidifier is the fix, not a bigger unit. Honest assessment. No upselling. Upfront pricing. Call Aire Serv of Central & West Houston and actually feel comfortable this summer. #IndoorHumidity #ACRepair #SummerComfort #Houston #AireServ #HomeHumidity #HVACService #NeighborlyDoneRight"
Just-N-Time AC and Heating,https://www.google.com/maps/place/Just-N-Time+AC+and+Heating/data=!4m7!3m6!1s0x8640c76264b44ec1:0x4642eb17dbc7e102!8m2!3d29.8170222!4d-95.4409589!16s%2Fg%2F11j8hlhht8!19sChIJwU60ZGLHQIYRAuHH2xfrQkY?authuser=0&hl=en&rclk=1,Closed · Opens 7 am Mon,Sunday: Closed||Monday: 7 am–9 pm||Tuesday: 7 am–9 pm||Wednesday: 7 am–9 pm||Thursday: 7 am–9 pm||Friday: 7 am–9 pm||Saturday: 7 am–7 pm,4.9,405,"2219 W 34th St # A1, Houston, TX 77018, United States","RH85+RJ Central Northwest, Houston, TX, USA","Is your HVAC system ready for seasonal changes? Regular maintenance by professionals—including checkups, repairs, and clean ductwork—ensures efficient performance and year-round comfort. Don’t wait for a breakdown; schedule a checkup today to keep your Houston home or business comfortable."
EZ Comfort Air Conditioning & Heating,https://www.google.com/maps/place/EZ+Comfort+Air+Conditioning+%26+Heating/data=!4m7!3m6!1s0x8640b1748f596353:0xc00bedc96c23f93b!8m2!3d29.9511426!4d-95.2730557!16s%2Fg%2F11c6dtrqbz!19sChIJU2NZj3SxQIYRO_kjbMntC8A?authuser=0&hl=en&rclk=1,Closed · Opens 8 am Mon,Sunday: Closed||Monday: 8 am–9 pm||Tuesday: 8 am–9 pm||Wednesday: 8 am–9 pm||Thursday: 8 am–9 pm||Friday: 8 am–9 pm||Saturday: 8 am–5 pm,4.9,"1,063","7575 Charpiot Ln, Humble, TX 77396, United States","🏡 NEW HOMEOWNER? Don’t Forget About Your HVAC System! ❄️☀️ Today we visited a new homeowner who had no idea there was a media filter hidden in the attic. When we checked it, this is what we found… 😳 Many homeowners focus on paint, landscaping, and upgrades after moving in, but often overlook one of the most important systems in the home—your air conditioning and heating system. A neglected filter can: ✅ Reduce airflow ✅ Increase energy bills ✅ Cause poor indoor air quality ✅ Put unnecessary strain on your equipment ✅ Lead to costly repairs and shortened system life At EZ Comfort Air Conditioning & Heating LLC, we recommend every new homeowner schedule a professional HVAC inspection and maintenance visit to: ✔ Check filters and air quality components ✔ Inspect refrigerant levels and electrical components ✔ Verify proper airflow and system performance ✔ Identify issues before they become expensive repairs ✔ Keep your home comfortable year-round Don’t wait until the hottest day of summer or the coldest day of winter to discover a problem. 📞 Call EZ Comfort Air Conditioning & Heating LLC at (832) 777-0136 🌐 Visit: EZ Comfort Air Conditioning & Heating LLC⁠￼ Making Comfort EZ! #NewHomeOwner #HVACMaintenance #AirConditioning #HeatingAndCooling #IndoorAirQuality #HoustonHVAC #KingwoodTX #AtascocitaTX #HumbleTX #HomeMaintenance #EZComfort #MakingComfortEZ #PreventiveMaintenance #HVACTips","""They now service my AC unit year round for preventative maintenance."""
AMS ColdPro,https://www.google.com/maps/place/AMS+ColdPro/data=!4m7!3m6!1s0x864126a767417559:0x7ddce2c59c0adc79!8m2!3d29.7887933!4d-95.8224134!16s%2Fg%2F11bzsdbvwz!19sChIJWXVBZ6cmQYYRedwKnMXi3H0?authuser=0&hl=en&rclk=1,Closed · Opens 6:30 am Mon,Sunday: Closed||Monday: 6:30 am–7 pm||Tuesday: 6:30 am–7 pm||Wednesday: 6:30 am–7 pm||Thursday: 6:30 am–7 pm||Friday: 6:30 am–7 pm||Saturday: 6:30 am–1 pm,5,471,"5701 4th St Ste 813, Katy, TX 77493, United States",Located in: United States Postal Service,"""Responded quickly to my service request and was at my house that same morning."""
Cool Care Heating and Air Conditioning,https://www.google.com/maps/place/Cool+Care+Heating+and+Air+Conditioning/data=!4m7!3m6!1s0x8640db2b99be8955:0xe07c491b25c79dba!8m2!3d29.8086809!4d-95.5190939!16s%2Fg%2F11bycjkg5_!19sChIJVYm-mSvbQIYRup3HJRtJfOA?authuser=0&hl=en&rclk=1,Closed · Opens 8 am,Sunday: 8 am–8 pm||Monday: 8 am–8 pm||Tuesday: 8 am–8 pm||Wednesday: 8 am–8 pm||Thursday: 8 am–8 pm||Friday: 8 am–8 pm||Saturday: 8 am–8 pm,5,343,"2015 Bauer Dr, Houston, TX 77080, United States","RF5J+F9 Spring Branch Central, Houston, TX, USA","Ductless mini-split systems excel when you need targeted cooling for a specific space—such as a room that runs warmer than the rest of the home, a home office, or a new addition without existing ductwork. Because each indoor unit controls its own zone, you can fine-tune temperatures where you actually spend time and avoid overcooling the whole house. To keep efficiency high in Houston, clean or replace the unit’s filters on a regular schedule, keep the indoor air inlet and outlet clear, and ensure the outdoor unit has unobstructed airflow. Use consistent temperature settings rather than frequent swings, and select the operating mode that matches your comfort goals. If you notice reduced output, unusual noises, or water where it shouldn’t be, a professional evaluation can prevent larger issues and protect efficiency. As a family-owned HVAC Contractor, Cool Care Heating and Air Conditioning focuses on proper system placement, refrigerant management, and maintenance that help ductless systems deliver steady, comfortable cooling throughout the season."
Air Dynasty AC & Heating LLC,https://www.google.com/maps/place/Air+Dynasty+AC+%26+Heating+LLC/data=!4m7!3m6!1s0x8640b0cad8729f93:0x24cc4f8256c342b!8m2!3d29.8934019!4d-95.3095828!16s%2Fg%2F12hl13d6b!19sChIJk59y2MqwQIYRKzRsJfjETAI?authuser=0&hl=en&rclk=1,Closed · Opens 8 am Mon,Sunday: Closed||Monday: 8 am–8 pm||Tuesday: 8 am–8 pm||Wednesday: 8 am–8 pm||Thursday: 8 am–8 pm||Friday: 8 am–8 pm||Saturday: 9 am–3 pm,4.7,"2,740","5502 Northington St, Houston, TX 77039, United States","Many homeowners assume closing vents will help save energy, but your HVAC system is designed to operate with balanced airflow throughout the home. Closing vents can disrupt that balance, potentially affecting airflow, comfort, and overall system efficiency. In some cases, it may even make it harder to maintain consistent temperatures from room to room. Keeping airflow unrestricted helps support reliable performance and can be especially important for homeowners considering AC repair in Katy or investing in a new HVAC system in Montgomery. Proper airflow is one of the foundations of long-term comfort and efficiency. Serving Houston, Katy, Montgomery, and surrounding areas.","Miguel was here to do AC tune up for my house, everything went great. He's professional and very nice."
McCullough Heating & Air Conditioning,https://www.google.com/maps/place/McCullough+Heating+%26+Air+Conditioning/data=!4m7!3m6!1s0x8644cba324a66ad7:0x66ea2973ab642106!8m2!3d30.364748!4d-97.731758!16s%2Fg%2F1tdq6dlv!19sChIJ12qmJKPLRIYRBiFkq3Mp6mY?authuser=0&hl=en&rclk=1,Open 24 hours,Sunday: Open 24 hours||Monday: Open 24 hours||Tuesday: Open 24 hours||Wednesday: Open 24 hours||Thursday: Open 24 hours||Friday: Open 24 hours||Saturday: Open 24 hours,4.8,"3,454","2620 Buell Ave, Austin, TX 78757, United States","Your ducts matter more than you think. 🛠️ In Austin summers, good airflow is a big part of keeping your home comfortable. If your system is running but rooms still feel uneven, it may be time for air conditioning repair that looks at the full setup, not just the outdoor unit. McCullough Heating & Air Conditioning provides AC service for homes in Austin and surrounding areas, with careful troubleshooting and clear answers. Common signs you may need HVAC repair: • Weak airflow from vents 🌬️ • Hot spots from room to room • AC not cooling repair needs after repeated cycling • Unusual noises or rising energy use When you need air conditioner repair in Austin and surrounding areas, reach out to our HVAC contractor team and we’ll help you get back to steady, reliable comfort.","""I trust the folks at McCullough for expert service and quality equipment!"""
The Coolest LLC,https://www.google.com/maps/place/The+Coolest+LLC/data=!4m7!3m6!1s0x8644b4c40fd193c9:0x542a69120730a9d9!8m2!3d30.212917!4d-97.7601609!16s%2Fg%2F11g6rl2_w1!19sChIJyZPRD8S0RIYR2akwBxJpKlQ?authuser=0&hl=en&rclk=1,Closed · Opens 9 am,Sunday: 9 am–5 pm||Monday: 7 am–6 pm||Tuesday: 7 am–6 pm||Wednesday: 7 am–6 pm||Thursday: 7 am–6 pm||Friday: 7 am–6 pm||Saturday: 9 am–5 pm,5,845,"4505 Terry-O Ln, Austin, TX 78745, United States","Is your AC struggling to keep up with the Austin heat? Don’t wait until it completely breaks down. If your system is noisy, inefficient, or constantly needing repairs, it may be time for a professional AC replacement service in Austin TX. With temperatures rising fast, a failing system can quickly turn into an emergency. Acting early helps you avoid high energy bills and unexpected downtime. At The Coolest LLC, we make AC replacement simple and stress-free. Our experts evaluate your current system, recommend the right energy-efficient upgrade, and install it with precision. Stay cool, save money, and avoid breakdowns when you need your AC the most. Tap the Call button now and speak with our team today.","""Love the service and the work, great company and team to have in your home."""
Strand Brothers Service Experts,https://www.google.com/maps/place/Strand+Brothers+Service+Experts/data=!4m7!3m6!1s0x8644cf35ec4dce2f:0x480428152cdc1e6c!8m2!3d30.2774343!4d-97.6723608!16s%2Fg%2F1232p591w!19sChIJL85N7DXPRIYRbB7cLBUoBEg?authuser=0&hl=en&rclk=1,Open 24 hours,Sunday: Open 24 hours||Monday: Open 24 hours||Tuesday: Open 24 hours||Wednesday: Open 24 hours||Thursday: Open 24 hours||Friday: Open 24 hours||Saturday: Open 24 hours,4.8,"7,506","5811 Techni Center Dr, Austin, TX 78721, United States","Summer savings have never been so hot. Right now, existing Maintenance+ HVAC members can add on a Maintenance+ Plumbing membership and save 80% on the first year. Perks Include: ✓ Annual whole-home plumbing inspection ✓ Complimentary water heater tank flush (over $200 value) ✓ No After-Hours Service Fees ($100 savings) Don't let hours go down the drain. Leave it to the Experts! Offer valid for a limited-time only, offer ends July 31.","Justin and Hector came by and performed well with excellent customer service. They gave me a few good homeowner tips that will keep my a/c running throughout the summer and for years to come. Great job, men!"
Precision Heating & Air,https://www.google.com/maps/place/Precision+Heating+%26+Air/data=!4m7!3m6!1s0x8644cb96015e76e7:0x2ade8f623c6d4a8d!8m2!3d30.3462436!4d-97.6756502!16s%2Fg%2F1hjhc6k81!19sChIJ53ZeAZbLRIYRjUptPGKP3io?authuser=0&hl=en&rclk=1,Open 24 hours,Sunday: Open 24 hours||Monday: Open 24 hours||Tuesday: Open 24 hours||Wednesday: Open 24 hours||Thursday: Open 24 hours||Friday: Open 24 hours||Saturday: Open 24 hours,4.7,"1,633","1506 Ferguson Ln Suite 101, Austin, TX 78754, United States","Your home might look clean, but how does the air feel? If it’s dusty no matter how often you clean, feels humid or your allergies seem worse indoors, your HVAC system could be circulating more than just cool air. Pollen, pet dander, mold spores and other airborne particles can build up over time. Once they’re in your system, they keep moving through your home day after day. That’s why homeowners trust Precision Heating & Air in Austin to take a closer look. We test your indoor air quality and recommend real solutions—like advanced filtration, purification and humidity control—so you’re not just masking the problem, you’re fixing it. Because comfort isn’t just temperature. It’s what you’re breathing. 📞 Call Precision Heating & Air today to schedule an air quality check in Austin and start breathing easier at home.","""I recently placed a service call, and received service within the day."""
"Efficient AC, Electric & Plumbing","https://www.google.com/maps/place/Efficient+AC,+Electric+%26+Plumbing/data=!4m7!3m6!1s0x8644c9c902a8e355:0x4142f3a9eedb1010!8m2!3d30.383505!4d-97.716542!16s%2Fg%2F1tdwf9vn!19sChIJVeOoAsnJRIYREBDb7qnzQkE?authuser=0&hl=en&rclk=1",Open 24 hours,Sunday: Open 24 hours||Monday: Open 24 hours||Tuesday: Open 24 hours||Wednesday: Open 24 hours||Thursday: Open 24 hours||Friday: Open 24 hours||Saturday: Open 24 hours,4.8,765,"10315 Metropolitan Dr Ste A, Austin, TX 78758, United States","""The management offers a competitive price on very high quality equipment.""","""We are very happy with the service we received both at home and work."""
"Stan's Heating, Air, Plumbing & Electrical","https://www.google.com/maps/place/Stan%27s+Heating,+Air,+Plumbing+%26+Electrical/data=!4m7!3m6!1s0x8644cb906b0f3269:0x27798678bc27a547!8m2!3d30.3261449!4d-97.7181635!16s%2Fg%2F1tlndvb1!19sChIJaTIPa5DLRIYRR6UnvHiGeSc?authuser=0&hl=en&rclk=1",Open 24 hours,Sunday: Open 24 hours||Monday: Open 24 hours||Tuesday: Open 24 hours||Wednesday: Open 24 hours||Thursday: Open 24 hours||Friday: Open 24 hours||Saturday: Open 24 hours,4.7,"6,387","Stan's Heating, Air, Plumbing & Electrical","6016 Dillard Cir, Austin, TX 78752, United States","Austin homeowners get the confidence of a local pro arriving ready to fix it with Stan's. From AC repair and tankless water heater installs to whole-home surge protection and sump pump repair, our licensed techs keep your home comfortable and secure. Learn more about our 70-year legacy."
A-Plus Air Conditioning & Home Solutions,https://www.google.com/maps/place/A-Plus+Air+Conditioning+%26+Home+Solutions/data=!4m7!3m6!1s0x8644ca55f9707bbd:0xce157100eee13b23!8m2!3d30.3396426!4d-97.7416066!16s%2Fg%2F1tg9njct!19sChIJvXtw-VXKRIYRIzvh7gBxFc4?authuser=0&hl=en&rclk=1,Closed · Opens 9 am,Sunday: 9 am–6 pm||Monday: 8 am–9 pm||Tuesday: 8 am–9 pm||Wednesday: 8 am–9 pm||Thursday: 8 am–9 pm||Friday: 8 am–9 pm||Saturday: 8 am–7 pm,4.9,"1,281",A-Plus Air Conditioning & Home Solutions,"2116 White Horse Trail, Austin, TX 78757, United States","💨🏠 Build a Better Comfort Foundation With Air Duct Installation in Austin for Every Room in Your Home! 🏠💨 Rooms without ductwork end up unconditioned, making them nearly unusable on hot days no matter how hard your main unit runs. Your air conditioning system cannot reach those spaces, leaving your household relying on portable units that raise costs without solving the problem. Our HVAC technicians design a duct layout that integrates new branches into your existing system while maintaining balanced airflow throughout. We size the ductwork correctly, seal every connection and test performance before completing the installation. Adding duct access to unserved rooms brings your entire home under reliable climate control. 🌬️✨ Rely on A-Plus Air Conditioning & Home Solutions for expert air duct installation in Austin, TX and surrounding areas. 🏡🔧 Call today or visit our website to start planning your duct installation project. 🌐❄️"
Atlas AC Repair LLC,https://www.google.com/maps/place/Atlas+AC+Repair+LLC/data=!4m7!3m6!1s0x6bdaeba472369aeb:0x79757fbf5129e3ac!8m2!3d30.305835!4d-97.7431601!16s%2Fg%2F11nnzgn4kc!19sChIJ65o2cqTr2msRrOMpUb9_dXk?authuser=0&hl=en&rclk=1,Closed · Opens 7 am Mon,Sunday: Closed||Monday: 7 am–6 pm||Tuesday: 7 am–6 pm||Wednesday: 7 am–6 pm||Thursday: 7 am–6 pm||Friday: 7 am–6 pm||Saturday: 9 am–4 pm,5,481,"3800 N Lamar Blvd #200, Austin, TX 78756, United States","""Price was great, communication was great as was the finished installation.""","""His service was 5 stars and the company’s customer service is outstanding."""
Fox Service Company,https://www.google.com/maps/place/Fox+Service+Company/data=!4m7!3m6!1s0x8644b4bc7b390d41:0xab3c1d9d34bfa2c5!8m2!3d30.3462436!4d-97.6756502!16s%2Fg%2F1tkq_ngy!19sChIJQQ05e7y0RIYRxaK_NJ0dPKs?authuser=0&hl=en&rclk=1,Open 24 hours,Sunday: Open 24 hours||Monday: Open 24 hours||Tuesday: Open 24 hours||Wednesday: Open 24 hours||Thursday: Open 24 hours||Friday: Open 24 hours||Saturday: Open 24 hours,4.8,"5,289","1506 Ferguson Ln Ste #102, Austin, TX 78754, United States","Power issue out of nowhere? Searching “electrician near me” or “emergency electrician in Austin”? When something electrical goes wrong, it’s not something you can wait on. Flickering lights, tripped breakers, outlets that stop working—or worse—can disrupt your entire day and raise safety concerns fast. That’s where you can count on Fox Service Company in Austin. Our licensed electricians respond quickly, diagnose the issue and make safe, reliable repairs so you can get back to normal without the stress. From small fixes to urgent electrical problems, we’re here when you need us most. 📞 Call Fox Service Company today for fast, dependable electrical service in Austin.","If you’re searching for the best local service in Austin, Texas, I highly recommend this professional team! ⭐⭐⭐⭐⭐ As a satisfied customer in Austin, TX, I was impressed by their fast response time, honest pricing, and high-quality workmanship. Whether you need same-day service, emergency assistance, expert repair, installation, inspection, or professional consultation in Austin, Texas, they handle everything efficiently and professionally. They arrived on time, explained the process clearly, and delivered outstanding results. If you’re looking for a reliable and affordable service provider near you in Austin, this is the company to trust. Their experience, attention to detail, and commitment to customer satisfaction truly stand out in the Austin, TX local market. Highly recommended for anyone in Austin, Texas who wants dependable, professional, and top-rated local service. #AustinTexas #AustinTX #LocalBusinessAustin #AustinServices #SupportLocalAustin #TopRatedAustin #BestInAustin #AustinNearMe #FiveStarService #TrustedInAustin"
"Radiant Plumbing, Air Conditioning, & Electrical","https://www.google.com/maps/place/Radiant+Plumbing,+Air+Conditioning,+%26+Electrical/data=!4m7!3m6!1s0x8644b57df8a2a581:0x268500e22537ee48!8m2!3d30.3195055!4d-97.710867!16s%2Fg%2F1hc19vxs8!19sChIJgaWi-H21RIYRSO43JeIAhSY?authuser=0&hl=en&rclk=1",Open 24 hours,Not Found,4.8,"17,078","Radiant Plumbing, Air Conditioning, & Electrical","901 Reinli St, Austin, TX 78751, United States","Flushing a water heater is one of the simplest ways to extend its lifespan, especially in Austin where hard water causes sediment buildup over time. As sediment collects inside the tank, it can: * Reduce heating efficiency * Cause rumbling or popping noises * Shorten the lifespan of the unit The cost to flush a water heater can vary depending on the condition of the system and how much buildup is present. Routine maintenance, like annual flushing, helps avoid larger repair costs and keeps the system running efficiently. Radiant Plumbing, Air Conditioning & Electrical offers professional water heater maintenance as part of our Care Club, helping homeowners stay ahead of issues before they turn into breakdowns."
Goettl Air Conditioning and Plumbing - Austin TX,https://www.google.com/maps/place/Goettl+Air+Conditioning+and+Plumbing+-+Austin+TX/data=!4m7!3m6!1s0x8644ade321bec79f:0x3827b4837b043eed!8m2!3d30.206562!4d-97.711292!16s%2Fg%2F11n21bg1zl!19sChIJn8e-IeOtRIYR7T4Ee4O0Jzg?authuser=0&hl=en&rclk=1,Open 24 hours,Sunday: Open 24 hours||Monday: Open 24 hours||Tuesday: Open 24 hours||Wednesday: Open 24 hours||Thursday: Open 24 hours||Friday: Open 24 hours||Saturday: Open 24 hours,4.8,"3,877",Goettl Air Conditioning and Plumbing - Austin TX,"3600 Silver Dollar Cir, Austin, TX 78744, United States","Book the $299 Mini Jet service in Austin and clear stubborn clogs fast with powerful hydro jetting technology. This targeted treatment removes buildup, grease, and debris from your drains without harsh chemicals. Our team restores proper flow and prevents recurring backups. Keep your plumbing running smoothly with effective cleaning that protects your pipes and saves you money on future repairs."
"Champion Cooling, Heating & Plumbing","https://www.google.com/maps/place/Champion+Cooling,+Heating+%26+Plumbing/data=!4m7!3m6!1s0x865b4946491bac9d:0xd4787ff8ad216252!8m2!3d30.2554164!4d-97.6811797!16s%2Fg%2F1q6bkbv12!19sChIJnawbSUZJW4YRUmIhrfh_eNQ?authuser=0&hl=en&rclk=1",Open 24 hours,Sunday: Open 24 hours||Monday: Open 24 hours||Tuesday: Open 24 hours||Wednesday: Open 24 hours||Thursday: Open 24 hours||Friday: Open 24 hours||Saturday: Open 24 hours,4.8,"3,310","1106 Smith Rd Ste 102, Austin, TX 78721, United States","☀️🔧 Don’t miss our latest limited-time HVAC specials. Save on repairs, maintenance, and new system installs while these offers last.","""I highly recommend having him service your home for plumbing needs."""
Smart Air Cooling & Heating,https://www.google.com/maps/place/Smart+Air+Cooling+%26+Heating/data=!4m7!3m6!1s0x8644b49986fac18d:0x11f033ff9dd92cbf!8m2!3d30.2781844!4d-97.772563!16s%2Fg%2F1vcq7_4n!19sChIJjcH6hpm0RIYRvyzZnf8z8BE?authuser=0&hl=en&rclk=1,Closed · Opens 8 am,Sunday: 8 am–8 pm||Monday: 8 am–8 pm||Tuesday: 8 am–8 pm||Wednesday: 8 am–8 pm||Thursday: 8 am–8 pm||Friday: 8 am–8 pm||Saturday: 8 am–8 pm,4.9,695,"Austin's smart choice for home comfort — Smart Air Austin ⭐❄️ We built Smart Air Austin on one principle: treat every home like it's our own. That means honest diagnostics, upfront pricing, and a team that shows up on time and gets the job done right the first time. If you're looking for an Austin HVAC company you can actually trust, we'd love to earn your business.","Same day service after my system unexpectedly started acting up. Super friendly and helpful, very transparent with all work and pricing. Felt informed and in the loop the whole time. Technician fixed the issue very quickly and provided some … More","Meet Shane today, what a breath of fresh air he was. Very polite and knowledgeable so glad that there is a Air conditioning company out here in Kyle that is looking to great service and customer service. … More"
Gold Eagle Services,https://www.google.com/maps/place/Gold+Eagle+Services/data=!4m7!3m6!1s0x865b4a560dd9455d:0xe671d252154d91f4!8m2!3d30.2639746!4d-97.7440671!16s%2Fg%2F11f01qw_dg!19sChIJXUXZDVZKW4YR9JFNFVLSceY?authuser=0&hl=en&rclk=1,Closed · Opens 7 am Mon,Sunday: Closed||Monday: 7 am–7 pm||Tuesday: 7 am–7 pm||Wednesday: 7 am–7 pm||Thursday: 7 am–7 pm||Friday: 7 am–7 pm||Saturday: 7 am–7 pm,4.8,405,"111 Congress Ave. Ste 500, Austin, TX 78701, United States",Stay cool this summer — schedule your AC inspection now.,"""Responded quickly when the heater went out in the coldest day of the year."""
Elite Air Conditioning and Plumbing,https://www.google.com/maps/place/Elite+Air+Conditioning+and+Plumbing/data=!4m7!3m6!1s0x8644cb957f5ed557:0xddeb3f3a0bbfb58!8m2!3d30.1968138!4d-97.7047425!16s%2Fg%2F1q64fq77h!19sChIJV9Vef5XLRIYRWPu7oPOz3g0?authuser=0&hl=en&rclk=1,Open 24 hours,Sunday: Open 24 hours||Monday: Open 24 hours||Tuesday: Open 24 hours||Wednesday: Open 24 hours||Thursday: Open 24 hours||Friday: Open 24 hours||Saturday: Open 24 hours,4.9,721,"7101 Burleson Rd, Austin, TX 78744, United States","Hard-to-cool rooms need smart vent placement. Elite AC & Plumbing designs and installs HVAC vents that deliver steady airflow to every corner of your home — vaulted ceilings, additions, and tricky layouts included. Comfort, dialed in. 📞 Call Elite for a free assessment.","""I couldn't be happier with the service and the work they did."""
Austin Air Conditioning,https://www.google.com/maps/place/Austin+Air+Conditioning/data=!4m7!3m6!1s0x8644cf4980700001:0xd7a9c95c1b54ee1e!8m2!3d30.4028748!4d-97.6305463!16s%2Fg%2F11rxhzpfh1!19sChIJAQBwgEnPRIYRHu5UG1zJqdc?authuser=0&hl=en&rclk=1,Closed · Opens 9 am,Sunday: 9 am–9 pm||Monday: 7:30 am–9 pm||Tuesday: 7:30 am–9 pm||Wednesday: 7:30 am–9 pm||Thursday: 7:30 am–9 pm||Friday: 7:30 am–9 pm||Saturday: 7:30 am–9 pm,4.9,"1,365","13620 Immanuel Rd, Pflugerville, TX 78660, United States","Mini Split Installation in Austin, TX You’ve probably seen mini splits popping up around Austin—or maybe you’ve used one before and know how effective they can be. They cool without ductwork, heat when you need it, and give you control over specific spaces. What’s not always clear is how to design the right system for your home. How many zones do you need? What equipment works best? That’s where we come in. Austin Air Conditioning has years of experience installing mini splits, and we’ll build a setup that fits your home and how you use it. Reach out today for a free estimate on your mini split installation in Austin, TX.","""Great service, explained what was going on and gave reasonable options."""
Austin Refrigeration & Air Conditioning,https://www.google.com/maps/place/Austin+Refrigeration+%26+Air+Conditioning/data=!4m7!3m6!1s0x8644cbd4cad54fcf:0xf69cc5d004097efd!8m2!3d30.4140535!4d-97.7628599!16s%2Fg%2F1vhkkyk8!19sChIJz0_VytTLRIYR_X4JBNDFnPY?authuser=0&hl=en&rclk=1,Open 24 hours,Sunday: Open 24 hours||Monday: Open 24 hours||Tuesday: Open 24 hours||Wednesday: Open 24 hours||Thursday: Open 24 hours||Friday: Open 24 hours||Saturday: Open 24 hours,4.9,132,"This you in certain sections of your home? Uneven cooling can be a sign of equipment issues, busted ducts and more. If one part of the house seems perfect but others not so much, call us today before it gets real hot outside.","This company was great. Responsive, polite, on time, and great pricing.  Parker helped me with all my needs, saved me money when applicable, and it was great working with him!",Responded very fast to the call. They were both extremely nice and thorough with their job. It’s nice to know we can count on them!
RedHome HVAC Services,https://www.google.com/maps/place/RedHome+HVAC+Services/data=!4m7!3m6!1s0x645fc6677c5bb9d1:0x3c3788b206cae6f6!8m2!3d30.264926!4d-97.7282024!16s%2Fg%2F11pldtvs7w!19sChIJ0blbfGfGX2QR9ubKBrKINzw?authuser=0&hl=en&rclk=1,Open 24 hours,Sunday: Open 24 hours||Monday: Open 24 hours||Tuesday: Open 24 hours||Wednesday: Open 24 hours||Thursday: Open 24 hours||Friday: Open 24 hours||Saturday: Open 24 hours,4.9,201,"1306 E 7th St Fl 3, Austin, TX 78702, United States",The perfect thermostat setting? It's the one that fits YOUR Austin home. Constantly adjusting the temperature? Set it and forget it with a programmable model. Got family members who always feel cold? Zoning systems keep everyone happy. Call (512) 402-7277 and let our team find your perfect comfort solution.,"""Reasonably priced and, same day service."""
ABC Austin Service Express LLC,https://www.google.com/maps/place/ABC+Austin+Service+Express+LLC/data=!4m7!3m6!1s0x865b5640034e8247:0xb63d88545a302fbb!8m2!3d30.2629635!4d-97.659906!16s%2Fg%2F11c2ppbxn0!19sChIJR4JOA0BWW4YRuy8wWlSIPbY?authuser=0&hl=en&rclk=1,Open 24 hours,Sunday: Open 24 hours||Monday: Open 24 hours||Tuesday: Open 24 hours||Wednesday: Open 24 hours||Thursday: Open 24 hours||Friday: Open 24 hours||Saturday: Open 24 hours,4.9,863,"Omar and his team came out and helped us to move my outdoor unit over about 6 feet because I was going to extend my home. Omar is the best he is easy to work with and very understandable and funny too. He’s always saying jokes , He made … More","Omar and his team were absolutely great! I had a great experience with this HVAC installation. The price was very competitive, and the quality of work exceeded my expectations. The team was honest and transparent throughout the entire … More","We appreciate that, with so many HVAC companies to choose from, you chose ABC Austin Service Express to replace your HVAC unit. Your recommendation means the … More"
Blue Sky Heating and Air,https://www.google.com/maps/place/Blue+Sky+Heating+and+Air/data=!4m7!3m6!1s0x8644cf2fb9145649:0x849c72bf6a600fdf!8m2!3d30.3415589!4d-97.7549546!16s%2Fg%2F11g8rckfh0!19sChIJSVYUuS_PRIYR3w9gar9ynIQ?authuser=0&hl=en&rclk=1,Open 24 hours,Sunday: Open 24 hours||Monday: Open 24 hours||Tuesday: Open 24 hours||Wednesday: Open 24 hours||Thursday: Open 24 hours||Friday: Open 24 hours||Saturday: Open 24 hours,4.7,387,"5900 Balcones Dr STE 5090, Austin, TX 78731, United States","""Once the issue was diagnose Blue Sky quickly located and ordered the part.""","""Been with them through our home warranty and regular service."""
"Abacus Plumbing, Air Conditioning, & Electrical","https://www.google.com/maps/place/Abacus+Plumbing,+Air+Conditioning,+%26+Electrical/data=!4m7!3m6!1s0x8644cb0f3dfef38b:0x437ed427aa9e3392!8m2!3d30.3860209!4d-97.7132636!16s%2Fg%2F11mwtk_xhl!19sChIJi_P-PQ_LRIYRkjOeqifUfkM?authuser=0&hl=en&rclk=1",Open 24 hours,Sunday: Open 24 hours||Monday: Open 24 hours||Tuesday: Open 24 hours||Wednesday: Open 24 hours||Thursday: Open 24 hours||Friday: Open 24 hours||Saturday: Open 24 hours,4.8,"5,962","Abacus Plumbing, Air Conditioning, & Electrical","2106 Denton Dr, Austin, TX 78758, United States","Award-Winning Service Since 2003 Recognized by BBB, Angie's List, and Home Advisor! Consistent quality, honest service, and customer satisfaction drive everything we do in Austin. #TrustedService"
Daniel's Plumbing and Air Conditioning,https://www.google.com/maps/place/Daniel%27s+Plumbing+and+Air+Conditioning/data=!4m7!3m6!1s0x8644cb8df39186c7:0xf1c81d387e36d2c6!8m2!3d30.3809983!4d-97.7281048!16s%2Fg%2F11bzs3h_24!19sChIJx4aR843LRIYRxtI2fjgdyPE?authuser=0&hl=en&rclk=1,Not Found,Not Found,4.7,"2,809","2929 Longhorn Blvd #105, Austin, TX 78758, United States","Noticed a leak? That small drip under the sink or damp spot on the wall might not seem urgent, but leaks have a way of turning into bigger problems fast. Water damage, mold and higher utility bills can all start from something minor. That’s why homeowners count on Daniel's in Austin for fast, reliable plumbing repairs. Our licensed plumbers can quickly find the source, fix the issue and help prevent further damage—so you don’t end up dealing with a much bigger (and more expensive) repair down the line. Don’t wait until it gets worse. 📞 Call Daniel's today to schedule leak repair in Austin and get it fixed fast.","""He gave me a variety of options with prices and never pushed any repair."""
ABA Heating and Cooling,https://www.google.com/maps/place/ABA+Heating+and+Cooling/data=!4m7!3m6!1s0x8644cbac1ee0946d:0x54df69d66181afcd!8m2!3d30.3505981!4d-97.7351198!16s%2Fg%2F11bxg_g1h6!19sChIJbZTgHqzLRIYRza-BYdZp31Q?authuser=0&hl=en&rclk=1,Open 24 hours,Sunday: Open 24 hours||Monday: Open 24 hours||Tuesday: Open 24 hours||Wednesday: Open 24 hours||Thursday: Open 24 hours||Friday: Open 24 hours||Saturday: Open 24 hours,4.7,294,"2409 Richcreek Rd #2, Austin, TX 78757, United States","🔧 Thinking about replacing your HVAC system? “Kelvin Cordero came out to do an estimate for a new unit. He was very courteous and helpful with all the questions I asked. Very professional… ask for him!” – Angie B. Whether you’re comparing options or ready to upgrade, our team is here to guide you — with zero pressure and total professionalism. ✅ Honest system recommendations ✅ Clear, helpful answers ✅ Trusted pros like Kelvin on every call 👉 Schedule a quote at https://zurl.co/7CRTf #ABAHVAC #AustinHVAC #HVACReplacement #HVACEstimate #KelvinGetsItDone #CustomerPraise #FiveStarService #NewACSystem","""Chad diagnosed problem in morning ordered technician through Jason."""
"Service Wizard Air Conditioning, Heating, and Plumbing","https://www.google.com/maps/place/Service+Wizard+Air+Conditioning,+Heating,+and+Plumbing/data=!4m7!3m6!1s0x8644ce92b4ff24e7:0x8fed4e794c9358b8!8m2!3d30.566549!4d-97.5691864!16s%2Fg%2F1tgjlpdn!19sChIJ5yT_tJLORIYRuFiTTHlO7Y8?authuser=0&hl=en&rclk=1",Closed · Opens 12 pm,Sunday: 12–5 pm||Monday: 7:30 am–6 pm||Tuesday: 7:30 am–6 pm||Wednesday: 7:30 am–6 pm||Thursday: 7:30 am–6 pm||Friday: 7:30 am–6 pm||Saturday: 8 am–5 pm,4.9,"2,025","Service Wizard Air Conditioning, Heating, and Plumbing","132 TK Industrial Blvd, Hutto, TX 78634, United States","What company offers ways to save on plumbing or AC repair services? Service Wizard is well-known throughout Round Rock for providing honest, high-quality work at a fair price. While we always strive to offer great value to every neighbor, joining the Wizard Rewards Membership is a smart evolution of our service that offers exclusive discounts on HVAC and plumbing repairs and diagnostics. You still get the trustworthy craftsmanship you expect from our team, just with added member savings that often result in the program paying for itself after just one visit. Call Now to join Wizard Rewards Membership!"
SALT Plumbing Air & Electric,https://www.google.com/maps/place/SALT+Plumbing+Air+%26+Electric/data=!4m7!3m6!1s0xa610ec2fd3919759:0xbd080495e4a102d6!8m2!3d30.2645279!4d-97.7821244!16s%2Fg%2F11k3g2wxz3!19sChIJWZeR0y_sEKYR1gKh5JUECL0?authuser=0&hl=en&rclk=1,Closed · Opens 8 am,Sunday: 8 am–8 pm||Monday: 8 am–8 pm||Tuesday: 8 am–8 pm||Wednesday: 8 am–8 pm||Thursday: 8 am–8 pm||Friday: 8 am–8 pm||Saturday: 8 am–8 pm,4.9,"1,498","901 S MoPac Expy, Austin, TX 78746, United States","Home repairs shouldn’t wait because of cost. With easy, affordable financing options from SALT, you can move forward with needed HVAC, plumbing, or electrical services today and spread payments out over time. It’s a simple way to keep your home comfortable and safe without the upfront burden. Reach out to get started!","""Genuinely the best service and the sweetest people!!"""
Infinity AC of Austin,https://www.google.com/maps/place/Infinity+AC+of+Austin/data=!4m7!3m6!1s0xaad258b191a7e0fd:0xe8f1d794aa0e5d15!8m2!3d30.2403369!4d-98.0188181!16s%2Fg%2F11ltqdldnl!19sChIJ_eCnkbFY0qoRFV0OqpTX8eg?authuser=0&hl=en&rclk=1,Open 24 hours,Not Found,5,264,"171 Preslar Cir, Austin, TX 78736, United States",Frank and Robert came to temple Texas and  did a great job installing my new Goodman heatpump system. Very  knowledgeable and professional. Infinity ac of Austin is the one to call for all your air conditioning needs..... … More,"Infinity employees-Frank and Chase were very professional. talked to me about what was going to happen with the repairs, very friendly, cleaned up after their work was done., they did a great job. my AC/Heater works so well! so Happy I … More"
AC Superheroes,https://www.google.com/maps/place/AC+Superheroes/data=!4m7!3m6!1s0x865b316582516681:0x54e221b74282ed76!8m2!3d30.379592!4d-97.9511823!16s%2Fg%2F11t52d9y40!19sChIJgWZRgmUxW4YRdu2CQrch4lQ?authuser=0&hl=en&rclk=1,Open 24 hours,Sunday: Open 24 hours||Monday: Open 24 hours||Tuesday: Open 24 hours||Wednesday: Open 24 hours||Thursday: Open 24 hours||Friday: Open 24 hours||Saturday: Open 24 hours,4.9,289,"1305 Buffalo Gap Rd, Austin, TX 78734, United States","""They saved my life!"" This feedback highlights our commitment to prompt service. If your air conditioning fails, especially during the sweltering summer months, know that AC Superheroes is right here in Austin, ready to respond swiftly. Our team arrived early Saturday morning to ensure comfort was restored without delay. If your unit shows signs of struggling, don’t wait—service it now to guarantee a cool home during the summer heat like Taylor Kenis did!","""Great communication and service- would highly recommend!"""
Chuck's Air Conditioning,https://www.google.com/maps/place/Chuck%27s+Air+Conditioning/data=!4m7!3m6!1s0x865b525f7c3c99d3:0xe902631c5b1459c1!8m2!3d30.1197491!4d-97.8841602!16s%2Fg%2F11dfv_sl83!19sChIJ05k8fF9SW4YRwVkUWxxjAuk?authuser=0&hl=en&rclk=1,Closed · Opens 7:30 am Mon,Sunday: Closed||Monday: 7:30 am–8 pm||Tuesday: 7:30 am–8 pm||Wednesday: 7:30 am–8 pm||Thursday: 7:30 am–8 pm||Friday: 7:30 am–8 pm||Saturday: 8 am–4 pm,5,591,"55 Country Oaks Dr, Buda, TX 78610, United States","""Staff member Jarrod arrived on time and provided great service at a great price!""","""I really appreciate doing business with a locally owned family oriented company."""
Platinum Air Heating & Cooling,https://www.google.com/maps/place/Platinum+Air+Heating+%26+Cooling/data=!4m7!3m6!1s0x865b2f56d777018d:0x207ea43ed62ddaee!8m2!3d30.4285086!4d-97.6765793!16s%2Fg%2F11j5zp12h6!19sChIJjQF311YvW4YR7tot1j6kfiA?authuser=0&hl=en&rclk=1,Open 24 hours,Sunday: Open 24 hours||Monday: Open 24 hours||Tuesday: Open 24 hours||Wednesday: Open 24 hours||Thursday: Open 24 hours||Friday: Open 24 hours||Saturday: Open 24 hours,4.8,78,"1605 Hydro Dr, Austin, TX 78728, United States","As summer heatwaves hit Cedar Park and Round Rock, ensure your HVAC system is ready! ✔️ Check filters monthly to maintain airflow. 🌬️ Inspect your outdoor unit for debris and clear it away. 🚧 For winter, consider a pre-season checkup to prevent freeze-ups! 🥶 Schedule your HVAC maintenance today to enjoy comfort year-round! Contact Platinum Air Heating & Cooling! 👍","""Excellent service, quality work, and great overall experience."""
Capitol Cooling LLC,https://www.google.com/maps/place/Capitol+Cooling+LLC/data=!4m7!3m6!1s0x818d7f4695f8685b:0x49000b4525603338!8m2!3d30.1289155!4d-97.762967!16s%2Fg%2F11kb5gffv3!19sChIJW2j4lUZ_jYERODNgJUULAEk?authuser=0&hl=en&rclk=1,Closed · Opens 8 am Mon,Sunday: Closed||Monday: 8 am–6 pm||Tuesday: 8 am–6 pm||Wednesday: 8 am–6 pm||Thursday: 8 am–6 pm||Friday: 8 am–6 pm||Saturday: Closed,4.9,151,"Dust accumulation, component wear, and airflow restrictions can gradually reduce HVAC performance. Experienced HVAC service Austin, TX helps maintain proper system function through routine evaluations and corrective service. Capitol Cooling supports properties that require ongoing HVAC attention.","Scott Clark was very nice, diagnosed our problem, and fixed it quickly. He also explained what had gone wrong. We are very happy with your service and will call you again when a need arises.","These guys are amazing! Bottom line - call them if you need service, but absolutely call them if you need your unit replaced! It isn't often that everyone you interact with at a company is amazing. Katie is your first line of contact and … More"
Alpine Heating & Air Conditioning,https://www.google.com/maps/place/Alpine+Heating+%26+Air+Conditioning/data=!4m7!3m6!1s0x8644cb9622becf43:0xdb75f99757ea2077!8m2!3d30.3447804!4d-97.68545!16s%2Fg%2F11bbrjc3d0!19sChIJQ8--IpbLRIYRdyDqV5f5dds?authuser=0&hl=en&rclk=1,Closed · Opens 7 am,Sunday: 7 am–7 pm||Monday: 7 am–7 pm||Tuesday: 7 am–7 pm||Wednesday: 7 am–7 pm||Thursday: 7 am–7 pm||Friday: 7 am–7 pm||Saturday: 7 am–7 pm,4.9,59,"1205 Sheldon Cove Bldg 2, Ste J, Austin, TX 78753, United States","Time for a new A/C system install or a major change-out? 🚛🏗️ Alpine Heating & Air Conditioning handles installs with the right equipment and a careful plan, so your home stays comfortable and your system runs efficiently. We help homeowners across Austin, Round Rock, Westlake, Bee Cave, Cedar Park, Lakeway, and The Hills with everything from full replacements to follow-up Air Conditioning Repair and HVAC Repair when something isn’t working right. If you’ve been searching “HVAC Repair Near Me,” we’re local and ready to help. ✔ Install planning and system sizing 🧰 Heat pump and AC installs 🌬️ Indoor airflow and comfort checks 🔧 Post-install tune-ups and maintenance options Need a quote or want to schedule service? Reach out to Alpine Heating & Air Conditioning today.","""I highly recommend this locally owned company and their employees."""
Youngs HVAC Pros,https://www.google.com/maps/place/Youngs+HVAC+Pros/data=!4m7!3m6!1s0x8644b2588bef53d3:0xc61ccad11068f73b!8m2!3d30.328429!4d-97.7264094!16s%2Fg%2F11c1n8jscp!19sChIJ01Pvi1iyRIYRO_doENHKHMY?authuser=0&hl=en&rclk=1,Closed · Opens 9 am Mon,Sunday: Closed||Monday: 9 am–5 pm||Tuesday: 9 am–5 pm||Wednesday: 9 am–5 pm||Thursday: 9 am–5 pm||Friday: 9 am–5 pm||Saturday: Closed,4.9,358,"Chris was truly amazing—I can’t recommend him enough! He figured out the problem right away, fixed it quickly, and even dealt with my warranty company to make sure I got refunded for the overcharge. He made the whole process so easy. Highly recommend!","On time, great price, professional.  Installed mini split in garage. Glad I made the improvement. Happy I was referred to Chris.",Amazing team . Chris and his team found the  . issue in not time . Ordered the part trough expedited delivery with no extra charge and helped restore the AC back as soon as the part arrived
new Universal HVAC Contractors Austin.,https://www.google.com/maps/place/new+Universal+HVAC+Contractors+Austin./data=!4m7!3m6!1s0x8644cf769b3e2ad7:0xf9f8e4e98e7ab444!8m2!3d30.4058222!4d-97.6375304!16s%2Fg%2F11gy381ws7!19sChIJ1yo-m3bPRIYRRLR6junk-Pk?authuser=0&hl=en&rclk=1,Open 24 hours,Sunday: Open 24 hours||Monday: Open 24 hours||Tuesday: Open 24 hours||Wednesday: Open 24 hours||Thursday: Open 24 hours||Friday: Open 24 hours||Saturday: Open 24 hours,5,3,"911 Dessau Rd, Austin, TX 78753, United States",Was looking for a reliable heating and air conditioning company because my last one I could never count on.  Found these guys online and couldn't be happier.  Will use again!,"After a previous negative experience with another contractor, I was relieved when the HVAC technician arrived promptly and identified the issue with my ventilated ceiling as a misaligned vent cover, which they fixed efficiently in about an … More"
Green Collar Operations,https://www.google.com/maps/place/Green+Collar+Operations/data=!4m7!3m6!1s0x8644c9a472d46c5d:0x528495cae0262408!8m2!3d30.3704444!4d-97.7389776!16s%2Fg%2F1tjxg175!19sChIJXWzUcqTJRIYRCCQm4MqVhFI?authuser=0&hl=en&rclk=1,Closed · Opens 8:30 am Mon,Sunday: Closed||Monday: 8:30 am–4:30 pm||Tuesday: 8:30 am–4:30 am||Wednesday: 8:30 am–4:30 pm||Thursday: 8:30 am–4:30 pm||Friday: 8:30 am–4:30 pm||Saturday: Closed,4.8,65,"8500 Shoal Creek Blvd #2l, Austin, TX 78757, United States","""I highly recommend Green Collar for home insulation and HVAC work/services.""","""We just had Green Collar put in new duct-work and insulation."""
Cool Champs Inc.,https://www.google.com/maps/place/Cool+Champs+Inc./data=!4m7!3m6!1s0x8644b5ab5613cccb:0x972c40829c39efe!8m2!3d30.2108575!4d-97.725811!16s%2Fg%2F11q35_852r!19sChIJy8wTVqu1RIYR_p7DKQjEcgk?authuser=0&hl=en&rclk=1,Open 24 hours,Sunday: Open 24 hours||Monday: Open 24 hours||Tuesday: Open 24 hours||Wednesday: Open 24 hours||Thursday: Open 24 hours||Friday: Open 24 hours||Saturday: Open 24 hours,5,58,"5214 Burleson Rd STE 509, Austin, TX 78744, United States","""Also gave us very honest pricing, and top-tier service!""","""Very thorough in explaining the entire process and options."""
LOA Construction and Austin Roofing,https://www.google.com/maps/place/LOA+Construction+and+Austin+Roofing/data=!4m7!3m6!1s0x8644b487bf65282f:0xf8e94d6ddfb92346!8m2!3d30.228311!4d-97.77025!16s%2Fg%2F11ffv32yj8!19sChIJLyhlv4e0RIYRRiO5321N6fg?authuser=0&hl=en&rclk=1,Open 24 hours,Sunday: Open 24 hours||Monday: Open 24 hours||Tuesday: Open 24 hours||Wednesday: Open 24 hours||Thursday: Open 24 hours||Friday: Open 24 hours||Saturday: Open 24 hours,5,991,LOA Roofing & Construction | Local Storm Repair Experts,Storm damage repair you can trust. We work with your insurance every step of the way.,"706 W Ben White Blvd Ste 200B, Austin, TX 78704, United States"
MCS Austin,https://www.google.com/maps/place/MCS+Austin/data=!4m7!3m6!1s0x8644cd2e1f2e1d91:0xb2a204586c525c81!8m2!3d30.43667!4d-97.771765!16s%2Fg%2F1tscpdgf!19sChIJkR0uHy7NRIYRgVxSbFgEorI?authuser=0&hl=en&rclk=1,Closed · Opens 8 am Mon,Sunday: Closed||Monday: 8 am–5 pm||Tuesday: 8 am–5 pm||Wednesday: 8 am–5 pm||Thursday: 8 am–5 pm||Friday: 8 am–5 pm||Saturday: Closed,4.7,227,"12885 Research Blvd Suite 102A, Austin, TX 78750, United States","🌸 THIS MOTHER’S DAY… GIVE MOM A BACKYARD SHE CAN ACTUALLY ENJOY 🌸 Tired of mosquitoes, flies, and bugs ruining family time outside? This year, skip the flowers… and give Mom something that lasts all summer 💝 Introducing Mosquito Misting Systems from MCS Austin — the ultimate gift for a bug-free backyard. 💐 PERFECT FOR MOTHER’S DAY ✔️ Enjoy peaceful mornings & relaxing evenings outside ✔️ Protect your family from mosquitoes, flies, spiders & more ✔️ Easy DIY install — no hassle ✔️ Do your own refills & save money ✔️ Organic insecticide options available 🌿 ✔️ Automated systems = more time with family 🚫 No more sprays that wear off in minutes ✔️ Get long-lasting protection with 80–90% insect reduction Make your patio, backyard, or outdoor kitchen a place Mom actually wants to be ❤️ 🎁 Give the gift of comfort, protection, and outdoor living 👉 Learn more: http://www.mcsaustin.com 📞 512-844-8498 We also install louvered pergolas and outdoor kitchens!!","""Great staff, excellent services, reasonable prices, awesome quality."""
"Frostymist Air Conditioning & Heating, LLC","https://www.google.com/maps/place/Frostymist+Air+Conditioning+%26+Heating,+LLC/data=!4m7!3m6!1s0xab6bbf05f5f8ea45:0x60d303e995a455f2!8m2!3d30.1743376!4d-97.7579772!16s%2Fg%2F11pd21v6j8!19sChIJRer49QW_a6sR8lWklekD02A?authuser=0&hl=en&rclk=1",Closed · Opens 7 am,Sunday: 7 am–9 pm||Monday: 7 am–9 pm||Tuesday: 7 am–9 pm||Wednesday: 7 am–9 pm||Thursday: 7 am–9 pm||Friday: 7 am–9 pm||Saturday: Closed,4.9,188,"Frostymist Air Conditioning & Heating, LLC","4615 Borage Dr, Austin, TX 78744, United States","On a sweltering Sunday, we swiftly replaced a dead blower motor, restoring cool comfort for tenants in South Austin."
Awesome Air & Heat Service,https://www.google.com/maps/place/Awesome+Air+%26+Heat+Service/data=!4m7!3m6!1s0x8644cb1af0b3007b:0xc0574fd19244c1a!8m2!3d30.4140535!4d-97.7670541!16s%2Fg%2F1vd71qfq!19sChIJewCz8BrLRIYRGkwkGf10BQw?authuser=0&hl=en&rclk=1,Closed · Opens 7 am Mon,Sunday: Closed||Monday: 7 am–7 pm||Tuesday: 7 am–7 pm||Wednesday: 7 am–7 pm||Thursday: 7 am–7 pm||Friday: 7 am–7 pm||Saturday: Closed,4.9,178,We had a great experience with Awesome Air.  I did a lot of research on this before going with Awesome Air.  They installed a new AC unit along with a new furnace and thermostat.  Pattie and Mark kept me updated on my order as it … More,"Mark and Awesome air have been servicing my HVAC systems for over 10 years.  About 6 years back, Mark and Awesome Air replaced my lower HVAC system.  This summer, while I had guests in town for a wedding, my upstairs unit starting acting … More","Frank, our community deserves the best, and we're thrilled you're a part of it. It's been our pleasure to help you these past 10 years, and we look forward to the years to come. Helping you with a smile and paying attention to the details, … More"
ARS / Rescue Rooter,https://www.google.com/maps/place/ARS+%2F+Rescue+Rooter/data=!4m7!3m6!1s0x8644ce8627d15419:0x6d0ca554f18d5626!8m2!3d30.3388241!4d-97.6707886!16s%2Fg%2F1tgj96d0!19sChIJGVTRJ4bORIYRJlaN8VSlDG0?authuser=0&hl=en&rclk=1,Open 24 hours,Not Found,4.4,"5,042","8619 Wall St Ste 600, Austin, TX 78754, United States","""My technician, Miguel provided excellent service and solved our plumbing issue.""","""He didn't set the thermostat back when he finished and now the app doesn't work."""
Grande Air Solutions,https://www.google.com/maps/place/Grande+Air+Solutions/data=!4m7!3m6!1s0x8644db9526504235:0xb9d0748f05124019!8m2!3d30.449178!4d-97.6537981!16s%2Fg%2F11bbrpjv1p!19sChIJNUJQJpXbRIYRGUASBY900Lk?authuser=0&hl=en&rclk=1,Closed · Opens 12 am Mon,Sunday: Closed||Monday: Open 24 hours||Tuesday: Open 24 hours||Wednesday: Open 24 hours||Thursday: Open 24 hours||Friday: Open 24 hours||Saturday: Open 24 hours,4.8,611,"2512 W Pecan St #320, Pflugerville, TX 78660, United States","✔️Indoor Air Quality Services Indoor air quality plays an important role in home comfort and system performance. We provide professional indoor air quality services for homes in Pflugerville, Round Rock, and Hutto, including UV sanitizers and air handler solutions designed to help reduce airborne contaminants and improve airflow. ☎️Contact us to book a service https://grandeairsolutions.com/contact/","""Great service, attention to detail and pricing!"""
Austin's Green Air & Heating,https://www.google.com/maps/place/Austin%27s+Green+Air+%26+Heating/data=!4m7!3m6!1s0x8644b2d54293f35d:0x76548cd185c87b42!8m2!3d30.1548943!4d-97.8151194!16s%2Fg%2F1hc299_g6!19sChIJXfOTQtWyRIYRQnvIhdGMVHY?authuser=0&hl=en&rclk=1,Closed · Opens 8 am Mon,Sunday: Closed||Monday: 8 am–6 pm||Tuesday: 8 am–6 pm||Wednesday: 8 am–6 pm||Thursday: 8 am–6 pm||Friday: 8 am–6 pm||Saturday: Closed,4.8,108,"708 Fort Chadbourne Dr, Austin, TX 78748, United States","""Small enough company to give you personalized attention and service.""","""The price was very competitive and the work was done efficiently."""
Quality Living Services,https://www.google.com/maps/place/Quality+Living+Services/data=!4m7!3m6!1s0x8644cbd2e1d515b7:0xb48464623f05ec64!8m2!3d30.3487051!4d-97.7062537!16s%2Fg%2F1td6gwmc!19sChIJtxXV4dLLRIYRZOwFP2JkhLQ?authuser=0&hl=en&rclk=1,Closed · Opens 8 am Mon,Sunday: Closed||Monday: 8 am–7 pm||Tuesday: 8 am–7 pm||Wednesday: 8 am–7 pm||Thursday: 8 am–7 pm||Friday: 8 am–7 pm||Saturday: 8 am–7 pm,4.8,290,"501 W Powell Ln #322, Austin, TX 78753, United States","Quality Living Services is your go-to HVAC contractor in Austin, TX. We specialize in both residential and commercial HVAC services. Whether you need installation, maintenance, or repairs, we've got you covered. Contact us today! http://www.qualitylivingservices.com/","""Their service techs are very nice, polite and knowledgable."""
Totally Cool Heating & Air,https://www.google.com/maps/place/Totally+Cool+Heating+%26+Air/data=!4m7!3m6!1s0x8644ca478c7379cd:0xe4c5a4f233b8ee4!8m2!3d30.3762475!4d-97.6927959!16s%2Fg%2F1td38mst!19sChIJzXlzjEfKRIYR5I47I09aTA4?authuser=0&hl=en&rclk=1,Closed · Opens 8 am Mon,Sunday: Closed||Monday: 8 am–5 pm||Tuesday: 8 am–5 pm||Wednesday: 8 am–5 pm||Thursday: 8 am–5 pm||Friday: 8 am–5 pm||Saturday: Closed,4.7,69,"909 Mc Phaul St, Austin, TX 78758, United States","""Communication with the company and customer service was terrific.""","""Great people, fair pricing, and outstanding workmanship."""
AC Pros Air Conditioning & Plumbing,https://www.google.com/maps/place/AC+Pros+Air+Conditioning+%26+Plumbing/data=!4m7!3m6!1s0x865b2d71776d3f5b:0x82ccd1aba926745a!8m2!3d30.4281214!4d-97.6720707!16s%2Fg%2F113g32k7x!19sChIJWz9td3EtW4YRWnQmqavRzII?authuser=0&hl=en&rclk=1,Closed · Opens 7:30 am Mon,Sunday: Closed||Monday: 7:30 am–7 pm||Tuesday: 7:30 am–7 pm||Wednesday: 7:30 am–7 pm||Thursday: 7:30 am–7 pm||Friday: 7:30 am–7 pm||Saturday: 8 am–4 pm,4.9,441,"13900 N Interstate Hwy 35 Ste J1, Austin, TX 78728, United States","A new return duct was installed on the dehumidifier, enhancing HVAC efficiency for the homeowner's comfort.","""Communication was fast, price was fair and service exceeded expectations."""
Alamo Austin Air Conditioning & Heating,https://www.google.com/maps/place/Alamo+Austin+Air+Conditioning+%26+Heating/data=!4m7!3m6!1s0x865b4c5fc16f3d83:0x3bf65e6d620f9cb6!8m2!3d30.2388821!4d-97.934397!16s%2Fg%2F11cs4g4dg4!19sChIJgz1vwV9MW4YRtpwPYm1e9js?authuser=0&hl=en&rclk=1,Closed · Opens 8 am,Sunday: 8 am–2 pm||Monday: 8 am–6 pm||Tuesday: 8 am–6 pm||Wednesday: 8 am–6 pm||Thursday: 8 am–6 pm||Friday: 8 am–6 pm||Saturday: 8 am–2 pm,5,"1,035","8819 Jim Davis Pl, Austin, TX 78736, United States","""Great work done on replacing AC/furnace, duct work, and insulation.""","""Couldn’t be happier with the prompt and professional service we received!"""