business_name,category,address,website,email,phone,rating,review_count,description_raw,facebook,instagram,linkedin,youtube,twitter,gbp_url,city,state
Texas AirZone LLC,HVAC contractor·,"10763 Mapleridge Dr, Dallas, TX 75238, United States",texasairzone.com,Not Found,+1 214-851-3886,5,836,"10763 Mapleridge Dr, Dallas, TX 75238, United States",Not Found,Not Found,Not Found,Not Found,Not Found,https://www.google.com/maps/place/Texas+AirZone+LLC/data=!4m7!3m6!1s0x864ea080fba6f511:0xceec20ac5cbf7fd4!8m2!3d32.8806583!4d-96.6964393!16s%2Fg%2F1tgzbrww!19sChIJEfWm-4CgToYR1H-_XKwg7M4?authuser=0&hl=en&rclk=1,Dallas,TX
Unlimited Air Conditioning and Heating,HVAC contractor,"822 Woodlawn Ave, Dallas, TX 75208, United States",unlimitedairandheating.com,frankjm0919@gmail.com,+1 945-998-7066,4.8,242,By Unlimited Air Conditioning and Heating,https://www.facebook.com/unlimitedairconditioningandheatingllc/,https://www.instagram.com/unlimited_air_conditioning/,Not Found,Not Found,Not Found,https://www.google.com/maps/place/Unlimited+Air+Conditioning+and+Heating/data=!4m7!3m6!1s0x864e99815977c3f3:0x6deb1de8615c71ac!8m2!3d32.7530646!4d-96.8300821!16s%2Fg%2F1tmbwjhr!19sChIJ88N3WYGZToYRrHFcYegd620?authuser=0&hl=en&rclk=1,Dallas,TX
"Harlen Johnson HVAC, Plumbing & Electrical",HVAC contractor,"2643 Royal Ln, Dallas, TX 75229, United States",hjac.com,sales@hjac.com,+1 972-241-7771,4.8,"1,195","Harlen Johnson HVAC, Plumbing & Electrical",https://www.facebook.com/harlenjohnsonheatingairconditioning,https://www.instagram.com/harlenjohnsonheatingairconditi/,https://www.linkedin.com/company/harlen-johnson-heating-air-conditioning/,Not Found,x.com,"https://www.google.com/maps/place/Harlen+Johnson+HVAC,+Plumbing+%26+Electrical/data=!4m7!3m6!1s0x864c278f573bfbfb:0x381d6595596efbc6!8m2!3d32.8955751!4d-96.8890027!16s%2Fg%2F1tfc6__0!19sChIJ-_s7V48nTIYRxvtuWZVlHTg?authuser=0&hl=en&rclk=1",Dallas,TX
Quality 1 Energy Systems Heating & Air Conditioning,Heating contractor·,"10870 Plano Rd C, Dallas, TX 75238, United States",q1es.com,Not Found,+1 214-856-6489,4.9,379,Quality 1 Energy Systems Heating & Air Conditioning,https://www.facebook.com/quality1energysystems/,https://www.instagram.com/quality1energysystems/,Not Found,Not Found,Not Found,https://www.google.com/maps/place/Quality+1+Energy+Systems+Heating+%26+Air+Conditioning/data=!4m7!3m6!1s0x864ea0824fda92c7:0x8c0fb6cabc94fe15!8m2!3d32.8973951!4d-96.6999888!16s%2Fg%2F1tm88vml!19sChIJx5LaT4KgToYRFf6UvMq2D4w?authuser=0&hl=en&rclk=1,Dallas,TX
Dallas Heating and Air Conditioning,Air conditioning repair service·,"5050 Quorum Dr Ste 700, Dallas, TX 75254, United States",dallasheatingac.com,Not Found,+1 972-423-0012,4.8,223,"5050 Quorum Dr Ste 700, Dallas, TX 75254, United States",Not Found,Not Found,Not Found,Not Found,Not Found,https://www.google.com/maps/place/Dallas+Heating+and+Air+Conditioning/data=!4m7!3m6!1s0x864c21ef5655b577:0x63a4a927593817cf!8m2!3d32.9483505!4d-96.82413!16s%2Fg%2F11lgsmlmw1!19sChIJd7VVVu8hTIYRzxc4WSeppGM?authuser=0&hl=en&rclk=1,Dallas,TX
Rescue Air and Plumbing,Plumber·,"9639 Greenville Ave, Dallas, TX 75243, United States",rescueairtx.com,info@rescueairtx.com,+1 972-201-3253,4.9,"3,921","9639 Greenville Ave, Dallas, TX 75243, United States",https://www.facebook.com/rescueair/,https://www.instagram.com/rescue_air?igsh=mtfkdtzqdglvb3bqzg*3d*3d&utm_source=qr,Not Found,youtube.com,x.com,https://www.google.com/maps/place/Rescue+Air+and+Plumbing/data=!4m7!3m6!1s0x864c1f77b16271e1:0x8930b56671f51851!8m2!3d32.9074594!4d-96.7484545!16s%2Fg%2F1ptw52wdg!19sChIJ4XFisXcfTIYRURj1cWa1MIk?authuser=0&hl=en&rclk=1,Dallas,TX
The Chill Brothers,HVAC contractor,"8131 Lyndon B Johnson Fwy Ste 790, Dallas, TX 75251, United States",thechillbrothers.com,abdussattar@deftyled.com,+1 844-512-4455,4.6,486,"8131 Lyndon B Johnson Fwy Ste 790, Dallas, TX 75251, United States",https://www.facebook.com/thechillbrothers,https://www.instagram.com/thechillbrothers/,https://www.linkedin.com/company/thechillbrothers/,Not Found,Not Found,https://www.google.com/maps/place/The+Chill+Brothers/data=!4m7!3m6!1s0x864c21d269574deb:0xce07476f181eeebc!8m2!3d32.9257149!4d-96.7656291!16s%2Fg%2F11kh_34p08!19sChIJ601XadIhTIYRvO4eGG9HB84?authuser=0&hl=en&rclk=1,Dallas,TX
Serveway Heating and Air Conditioning,HVAC contractor,"10120 Cayuga Dr Ste 107, Dallas, TX 75228, United States",servewayhvac.com,dispatch@servewayhvac.com,+1 469-231-9379,4.9,374,"10120 Cayuga Dr Ste 107, Dallas, TX 75228, United States",https://www.facebook.com/servewayhvac/,https://www.instagram.com/servewayheatingandac/,Not Found,Not Found,Not Found,https://www.google.com/maps/place/Serveway+Heating+and+Air+Conditioning/data=!4m7!3m6!1s0x864ea143c7b980c7:0xf732f800053b9b8c!8m2!3d32.8336847!4d-96.6877996!16s%2Fg%2F11gff69wh8!19sChIJx4C5x0OhToYRjJs7BQD4Mvc?authuser=0&hl=en&rclk=1,Dallas,TX
"Cody & Sons Plumbing, Heating & Air",HVAC contractor·,"209 W Clarendon Dr, Dallas, TX 75208, United States",codyandsons.com,Not Found,+1 469-200-3366,4.9,"2,307","209 W Clarendon Dr, Dallas, TX 75208, United States",Not Found,Not Found,Not Found,Not Found,Not Found,"https://www.google.com/maps/place/Cody+%26+Sons+Plumbing,+Heating+%26+Air/data=!4m7!3m6!1s0x864e99f2bbb36c73:0xd04d24519abf8811!8m2!3d32.7347117!4d-96.8252793!16s%2Fg%2F1tmy5gcj!19sChIJc2yzu_KZToYREYi_mlEkTdA?authuser=0&hl=en&rclk=1",Dallas,TX
Airtron Heating & Air Conditioning,HVAC contractor,"10440 Olympic Dr, Dallas, TX 75220, United States",airtron.com,Not Found,+1 214-556-6792,4.8,"5,497","10440 Olympic Dr, Dallas, TX 75220, United States",Not Found,Not Found,Not Found,Not Found,Not Found,https://www.google.com/maps/place/Airtron+Heating+%26+Air+Conditioning/data=!4m7!3m6!1s0x864e9d0ce2de0f51:0xbb0e13ed3e01371a!8m2!3d32.8649743!4d-96.8858765!16s%2Fg%2F1tk1zg5j!19sChIJUQ_e4gydToYRGjcBPu0TDrs?authuser=0&hl=en&rclk=1,Dallas,TX
Alpha Heating & Cooling Llc.,HVAC contractor·,"1910 Pacific Ave Ste 12000, Dallas, TX 75201, United States",Not Found,Not Found,+1 214-945-8799,5,139,"1910 Pacific Ave Ste 12000, Dallas, TX 75201, United States",Not Found,Not Found,Not Found,Not Found,Not Found,https://www.google.com/maps/place/Alpha+Heating+%26+Cooling+Llc./data=!4m7!3m6!1s0x864e99ccbfccc41b:0x8bbdeb5d1dbb17d3!8m2!3d32.7826453!4d-96.7954613!16s%2Fg%2F11q96d1050!19sChIJG8TMv8yZToYR0xe7HV3rvYs?authuser=0&hl=en&rclk=1,Dallas,TX
Mondragon Mechanical LLC,Air conditioning contractor,"2807 Virgo Ln, Dallas, TX 75229, United States",mondragonac.com,office@mondragonac.com,+1 972-214-7002,4.9,535,Mondragon Mechanical - Air Conditioning & Heating,https://www.facebook.com/mondragonhvac,https://www.instagram.com/mondragon_mechanical,Not Found,youtube.com,Not Found,https://www.google.com/maps/place/Mondragon+Mechanical+LLC/data=!4m7!3m6!1s0x864c276e96e77db3:0x81de04c76a6d9dc7!8m2!3d32.89106!4d-96.8860983!16s%2Fg%2F11r4svft4k!19sChIJs33nlm4nTIYRx51tascE3oE?authuser=0&hl=en&rclk=1,Dallas,TX
Cozy - D Heating & A/C LLC,HVAC contractor,"117 Elston Dr, Dallas, TX 75232, United States",cozydair.com,info@yourcompany.com,+1 972-291-8002,4.9,483,"117 Elston Dr, Dallas, TX 75232, United States",https://www.facebook.com/cozyd75241,https://www.instagram.com/cozydair/,Not Found,Not Found,Not Found,https://www.google.com/maps/place/Cozy+-+D+Heating+%26+A%2FC+LLC/data=!4m7!3m6!1s0x864e8e0eba296d35:0x8e571cf0bae48614!8m2!3d32.6705078!4d-96.8235617!16s%2Fg%2F1wd3wg6x!19sChIJNW0pug6OToYRFIbkuvAcV44?authuser=0&hl=en&rclk=1,Dallas,TX
Coolinary Arts Heating & Cooling,Air conditioning repair service,"5200 McKinney Ave, Dallas, TX 75205, United States",callcoolinaryarts.com,Not Found,+1 972-975-2665,5,248,"5200 McKinney Ave, Dallas, TX 75205, United States",https://www.facebook.com/p/coolinary-arts-heating-cooling-61554137922887/,Not Found,Not Found,Not Found,Not Found,https://www.google.com/maps/place/Coolinary+Arts+Heating+%26+Cooling/data=!4m7!3m6!1s0x864eb0dc368439bf:0x8bc27d41c0be5254!8m2!3d32.8296948!4d-96.7831111!16s%2Fg%2F1tdl1zsc!19sChIJvzmENtywToYRVFK-wEF9wos?authuser=0&hl=en&rclk=1,Dallas,TX
Metro Air Conditioning Heating & Services,Air conditioning contractor,"126 W Illinois Ave, Dallas, TX 75224, United States",metroacs.com,info@metroacs.com,+1 214-304-7658,4.8,369,Metro Air Conditioning Heating & Services,https://www.facebook.com/tr?id=1106740777228116&amp;ev=pageview&amp;noscript=1,https://instagram.com/metro_acs,https://linkedin.com/company/?viewasmember=true,youtube.com,Not Found,https://www.google.com/maps/place/Metro+Air+Conditioning+Heating+%26+Services/data=!4m7!3m6!1s0x864e99e35d32d35b:0xbcd618064b160cf2!8m2!3d32.7201503!4d-96.8240343!16s%2Fg%2F1tf2y66m!19sChIJW9MyXeOZToYR8gwWSwYY1rw?authuser=0&hl=en&rclk=1,Dallas,TX
Aire Serv of Dallas,HVAC contractor,"5930 Lyndon B Johnson Fwy, Dallas, TX 75240, United States",aireserv.com,email@domain.com,+1 214-838-7191,4.8,249,"5930 Lyndon B Johnson Fwy, Dallas, TX 75240, United States",https://www.facebook.com/aireservllc/,https://www.instagram.com/aireserv/,https://www.linkedin.com/company/aire-serv/,youtube.com,x.com,https://www.google.com/maps/place/Aire+Serv+of+Dallas/data=!4m7!3m6!1s0x864c20efad18e845:0x81de226f9a99566!8m2!3d32.9248142!4d-96.8049997!16s%2Fg%2F1td_y_kh!19sChIJRegYre8gTIYRZpWp-SbiHQg?authuser=0&hl=en&rclk=1,Dallas,TX
Service Experts Dallas,HVAC contractor,"640 International Pkwy Ste 200, Richardson, TX 75081, United States",serviceexperts.com,example@domain.com,+1 972-619-7607,4.8,"6,060","640 International Pkwy Ste 200, Richardson, TX 75081, United States",https://www.facebook.com/serviceexpertsheatingandairconditioning/,https://www.instagram.com/service_experts/?hl=en,https://www.linkedin.com/company/service-experts,Not Found,Not Found,https://www.google.com/maps/place/Service+Experts+Dallas/data=!4m7!3m6!1s0x864c2784832d5ffd:0x85e30c4b3d21290d!8m2!3d32.9560673!4d-96.7075108!16s%2Fg%2F1tg81w6v!19sChIJ_V8tg4QnTIYRDSkhPUsM44U?authuser=0&hl=en&rclk=1,Dallas,TX
Eastin Heating and Air,HVAC contractor,"3838 Oak Lawn Ave Suite#1000, Dallas, TX 75219, United States",eastinair.com,Not Found,+1 972-278-0613,4.8,497,"3838 Oak Lawn Ave Suite#1000, Dallas, TX 75219, United States",Not Found,Not Found,Not Found,Not Found,Not Found,https://www.google.com/maps/place/Eastin+Heating+and+Air/data=!4m7!3m6!1s0x864e9993c2be252d:0x6bc5f84142178c96!8m2!3d32.8144645!4d-96.8014862!16s%2Fg%2F1tmz7bmt!19sChIJLSW-wpOZToYRlowXQkH4xWs?authuser=0&hl=en&rclk=1,Dallas,TX
Quigley Heating & Air Conditioning of Dallas,Air conditioning repair service,"13720 Diplomat Dr, Farmers Branch, TX 75234, United States",quigleyac.com,aboutus-historica_images-265x300@2x.avif,+1 214-526-8533,4.9,581,Quigley Heating & Air Conditioning of Dallas,https://www.facebook.com/quigleyac/,https://www.instagram.com/quigleyac/,https://www.linkedin.com/company/quigley-heating-&amp;-air-conditioning/,youtube.com,twitter.com,https://www.google.com/maps/place/Quigley+Heating+%26+Air+Conditioning+of+Dallas/data=!4m7!3m6!1s0x864e9c2190121f47:0xc544ff82ece50980!8m2!3d32.9287087!4d-96.9065335!16s%2Fg%2F1tdn92bt!19sChIJRx8SkCGcToYRgAnl7IL_RMU?authuser=0&hl=en&rclk=1,Dallas,TX
"Moss Heating, Cooling & Plumbing",Air conditioning contractor,"11145 Morrison Ln, Dallas, TX 75229, United States",askmoss.com,jsmith@gmail.com,+1 972-733-6802,4.9,"1,006","11145 Morrison Ln, Dallas, TX 75229, United States",https://www.facebook.com/tr?id=3454136541490840&ev=pageview&noscript=1,https://www.instagram.com/ask.moss/,https://www.linkedin.com/company/75878048/,youtube.com,Not Found,"https://www.google.com/maps/place/Moss+Heating,+Cooling+%26+Plumbing/data=!4m7!3m6!1s0x864e83c9c8a16561:0xc60a2563eeb8af40!8m2!3d32.8853833!4d-96.8931835!16s%2Fg%2F11rfdctb19!19sChIJYWWhyMmDToYRQK-47mMlCsY?authuser=0&hl=en&rclk=1",Dallas,TX
Space Air Duct Cleaning Dallas,Air duct cleaning service·,"2727 Lyndon B Johnson Fwy, Farmers Branch, TX 75234, United States",space-airduct.com,Not Found,+1 469-629-7747,4.9,709,"2727 Lyndon B Johnson Fwy, Farmers Branch, TX 75234, United States",Not Found,Not Found,Not Found,Not Found,Not Found,https://www.google.com/maps/place/Space+Air+Duct+Cleaning+Dallas/data=!4m7!3m6!1s0xab9ef51e89845d89:0x5ccaf2ac1997ba36!8m2!3d32.911273!4d-96.885829!16s%2Fg%2F11t29nvnzl!19sChIJiV2EiR71nqsRNrqXGazyylw?authuser=0&hl=en&rclk=1,Dallas,TX
"Tribeca Plumbing, Inc.",Plumber,"6211 W Northwest Hwy c251, Dallas, TX 75225, United States",tribecaplumbinginc.com,Not Found,+1 214-402-5454,4.7,426,"Tribeca Plumbing Inc - HVAC, Plumbing & More",https://www.facebook.com/tr?id=2200086510157948&ev=pageview&noscript=1,Not Found,Not Found,Not Found,twitter.com,"https://www.google.com/maps/place/Tribeca+Plumbing,+Inc./data=!4m7!3m6!1s0x864e9e492be88f7f:0xaf8ec23565837190!8m2!3d32.866377!4d-96.800008!16s%2Fg%2F11c6w0jkjf!19sChIJf4_oK0meToYRkHGDZTXCjq8?authuser=0&hl=en&rclk=1",Dallas,TX
Hooper Plumbing & Air Conditioning,Plumber·,"6725 Hillcrest Ave Ste a, Dallas, TX 75205, United States",hooperplumbing.com,tracy@hooperplumbing.com,+1 214-761-6820,4.8,455,"6725 Hillcrest Ave Ste a, Dallas, TX 75205, United States",https://www.facebook.com/hooper-plumbing-air-conditioning-347330466519/,https://www.instagram.com/hooperplumbingdallas/#,Not Found,youtube.com,x.com,https://www.google.com/maps/place/Hooper+Plumbing+%26+Air+Conditioning/data=!4m7!3m6!1s0x864e9f00cb7fff49:0xf9eac087ae3a42d5!8m2!3d32.848247!4d-96.787157!16s%2Fg%2F1td76_6w!19sChIJSf9_ywCfToYR1UI6rofA6vk?authuser=0&hl=en&rclk=1,Dallas,TX
M. B. Kiser Heating & Air Conditioning Co. Inc.,HVAC contractor,"10549 Denton Dr in, Dallas, TX 75220, United States",mbkiser.com,Not Found,+1 214-823-9958,4.8,45,M. B. Kiser Heating & Air Conditioning Co. Inc.,https://www.facebook.com/hvacrepairservices/,https://www.instagram.com/hvacrepair/,https://www.linkedin.com/company/m-b-kiser-heating-&amp;-air-conditioning-co-inc-,youtube.com,x.com,https://www.google.com/maps/place/M.+B.+Kiser+Heating+%26+Air+Conditioning+Co.+Inc./data=!4m7!3m6!1s0x864e9d8c146db2c5:0xd6458a4f75155123!8m2!3d32.8681613!4d-96.8806035!16s%2Fg%2F11jfgnbzsk!19sChIJxbJtFIydToYRI1EVdU-KRdY?authuser=0&hl=en&rclk=1,Dallas,TX
Chapman Air & Heat,Air conditioning repair service,Not Found,chapmanair.com,info@chapmanair.com,+1 214-340-4999,4.6,236,"Texas spring is around the corner… is your air conditioner ready? 🌤️❄️ If your system is 10–15 years old, needs frequent repairs, or your energy bills keep rising, upgrading before summer could save you money and stress. We’re breaking down the signs it’s time to replace your AC, why spring is the smartest time to install, and what to expect during a professional HVAC installation. Don’t wait for a mid-summer breakdown.",https://www.facebook.com/chapmanair,https://www.instagram.com/chapmanair/,https://www.linkedin.com/company/chapman-air-heat,youtube.com,Not Found,https://www.google.com/maps/place/Chapman+Air+%26+Heat/data=!4m7!3m6!1s0x864ea07fac8da5d1:0xd14bfb29452c67d9!8m2!3d32.8097716!4d-96.881731!16s%2Fg%2F1v7pyx1r!19sChIJ0aWNrH-gToYR2WcsRSn7S9E?authuser=0&hl=en&rclk=1,Dallas,TX
United States Home Services,HVAC contractor,"1805 Royal Ln #101, Dallas, TX 75229, United States",unitedstateshomeservices.com,Not Found,+1 214-301-5784,5,"1,763","1805 Royal Ln #101, Dallas, TX 75229, United States",https://www.facebook.com/unitedstateshomeservices,https://www.instagram.com/unitedstateshomeservices,https://www.linkedin.com/company/united-states-home-services/,youtube.com,Not Found,https://www.google.com/maps/place/United+States+Home+Services/data=!4m7!3m6!1s0x8640c3bf0a955555:0xc5e4e8984ea52d3c!8m2!3d32.8961105!4d-96.9158967!16s%2Fg%2F11qpm35zc2!19sChIJVVWVCr_DQIYRPC2lTpjo5MU?authuser=0&hl=en&rclk=1,Dallas,TX
Frymire Home Services,Air conditioning repair service·,"2818 Satsuma Dr, Dallas, TX 75229, United States",frymire.com,Not Found,+1 469-346-4999,4.8,"4,694","2818 Satsuma Dr, Dallas, TX 75229, United States",Not Found,Not Found,Not Found,Not Found,Not Found,https://www.google.com/maps/place/Frymire+Home+Services/data=!4m7!3m6!1s0x864c27834477cc21:0x336592f20a3d7d23!8m2!3d32.8998947!4d-96.8824691!16s%2Fg%2F1vcjmnd3!19sChIJIcx3RIMnTIYRI309CvKSZTM?authuser=0&hl=en&rclk=1,Dallas,TX
Appliance & Air Care Experts,Air conditioning repair service,"2701 Fondren Dr #133, Dallas, TX 75206, United States",applianceandaircare.com,Not Found,+1 972-771-5987,4.9,518,"2701 Fondren Dr #133, Dallas, TX 75206, United States",Not Found,Not Found,Not Found,Not Found,Not Found,https://www.google.com/maps/place/Appliance+%26+Air+Care+Experts/data=!4m7!3m6!1s0x864e9f0c84c88cbd:0x771bdb460ae8e90e!8m2!3d32.8442023!4d-96.7729232!16s%2Fg%2F1tdmf8y7!19sChIJvYzIhAyfToYRDunoCkbbG3c?authuser=0&hl=en&rclk=1,Dallas,TX
StrikeForce Heating & Air LLC,HVAC contractor,"9734 Skillman St, Dallas, TX 75243, United States",strikeforceac.com,Not Found,+1 214-570-4966,4.9,209,"9734 Skillman St, Dallas, TX 75243, United States",https://www.facebook.com/strikeforcehvac/,https://www.instagram.com/strikeforce_air_/,https://www.linkedin.com/in/toby-puttrich-50aa0441/,Not Found,Not Found,https://www.google.com/maps/place/StrikeForce+Heating+%26+Air+LLC/data=!4m7!3m6!1s0x864c21c88a7dd765:0x3ef71d2a5832f3c1!8m2!3d32.9080743!4d-96.7043624!16s%2Fg%2F12j3l74f9!19sChIJZdd9isghTIYRwfMyWCod9z4?authuser=0&hl=en&rclk=1,Dallas,TX
TemperaturePro,HVAC contractor,"6301 Gaston Ave Ste 1314, Dallas, TX 75214, United States",temperatureprodallas.com,Not Found,+1 469-485-5115,5,203,"6301 Gaston Ave Ste 1314, Dallas, TX 75214, United States",https://www.facebook.com/tpdallasrichardson/,Not Found,Not Found,Not Found,twitter.com,https://www.google.com/maps/place/TemperaturePro/data=!4m7!3m6!1s0x864e9ff80e5eebf7:0xfb785f123cafa8e1!8m2!3d32.81303!4d-96.7544569!16s%2Fg%2F11t4hv8vh7!19sChIJ9-teDvifToYR4aivPBJfePs?authuser=0&hl=en&rclk=1,Dallas,TX
"Jade Air, LLC",Air conditioning repair service,"2243 Vagas St, Dallas, TX 75219, United States",jadeair.net,Not Found,+1 214-923-7904,4.8,152,Jade Air Heating Services - HVAC Service & Repair Company,Not Found,Not Found,Not Found,Not Found,Not Found,"https://www.google.com/maps/place/Jade+Air,+LLC/data=!4m7!3m6!1s0x864e9eb260468d63:0x4f5c708ce6a7239e!8m2!3d32.8060326!4d-96.8231834!16s%2Fg%2F1tnct9j6!19sChIJY41GYLKeToYRniOn5oxwXE8?authuser=0&hl=en&rclk=1",Dallas,TX
Dallas Plumbing & Air Conditioning,Plumber,"11055 Plano Rd, Dallas, TX 75238, United States",dallasplumbing.com,Not Found,+1 469-489-1061,4.6,"1,211","11055 Plano Rd, Dallas, TX 75238, United States",https://www.facebook.com/dallasplumbingcompany/,Not Found,https://www.linkedin.com/company/dallas-plumbing-company/,Not Found,twitter.com,https://www.google.com/maps/place/Dallas+Plumbing+%26+Air+Conditioning/data=!4m7!3m6!1s0x864ea082068644ed:0x99b05dca1975510f!8m2!3d32.8992107!4d-96.7014079!16s%2Fg%2F1tmy5gdt!19sChIJ7USGBoKgToYRD1F1GcpdsJk?authuser=0&hl=en&rclk=1,Dallas,TX
BV Air Conditioning & Heating,HVAC contractor,"5101 Ranchero Ln, Dallas, TX 75236, United States",bvairco.com,bvairco@gmail.com,+1 682-333-6559,4.8,117,"5101 Ranchero Ln, Dallas, TX 75236, United States",https://www.facebook.com/bvairconditioning,https://www.instagram.com/bvairconditioning/,Not Found,Not Found,twitter.com,https://www.google.com/maps/place/BV+Air+Conditioning+%26+Heating/data=!4m7!3m6!1s0x864e862dd15f05b9:0x771d00f4da9be590!8m2!3d32.6807205!4d-96.9110249!16s%2Fg%2F11c5s_4ms4!19sChIJuQVf0S2GToYRkOWb2vQAHXc?authuser=0&hl=en&rclk=1,Dallas,TX
Tiger Air and Heating,Air conditioning repair service·,"17606 Preston Rd, Dallas, TX 75252, United States",tigerairtx.com,Not Found,+1 214-214-6922,5,481,"17606 Preston Rd, Dallas, TX 75252, United States",https://www.facebook.com/tigerairtx?mibextid=zbwkwl,https://www.instagram.com/tigerairtx/?igsh=mw10c3jhngq1azjtyq%3d%3d#,Not Found,youtube.com,x.com,https://www.google.com/maps/place/Tiger+Air+and+Heating/data=!4m7!3m6!1s0x864c231548bb8789:0x56d3f8ee61da5df5!8m2!3d32.9918926!4d-96.8003332!16s%2Fg%2F11fh7f6nb4!19sChIJiYe7SBUjTIYR9V3aYe7401Y?authuser=0&hl=en&rclk=1,Dallas,TX
Open To Public HVAC Parts,Air conditioning system supplier·,"10226 Plano Rd #104, Dallas, TX 75238, United States",otp-hvac.com,Not Found,+1 214-340-9421,4.9,526,"10226 Plano Rd #104, Dallas, TX 75238, United States",https://www.facebook.com/otphvac,http://instagram.com/open_to_public_hvac_parts,Not Found,youtube.com,twitter.com,https://www.google.com/maps/place/Open+To+Public+HVAC+Parts/data=!4m7!3m6!1s0x864ea08f60041565:0x156df66b532250ca!8m2!3d32.888381!4d-96.6998569!16s%2Fg%2F11b6rz555k!19sChIJZRUEYI-gToYRylAiU2v2bRU?authuser=0&hl=en&rclk=1,Dallas,TX
5 Star HVAC Contractors,Air conditioning contractor,"3906 Melcer Dr #302, Rowlett, TX 75088, United States",5starhvaccontractors.com,Not Found,+1 972-848-9414,4.9,"1,177","3906 Melcer Dr #302, Rowlett, TX 75088, United States",Not Found,Not Found,Not Found,Not Found,Not Found,https://www.google.com/maps/place/5+Star+HVAC+Contractors/data=!4m7!3m6!1s0x864c0275729eb969:0xacd573f7b056a6c0!8m2!3d32.9048124!4d-96.5652667!16s%2Fg%2F1tm12_k2!19sChIJabmecnUCTIYRwKZWsPdz1aw?authuser=0&hl=en&rclk=1,Dallas,TX
Happel Mechanical,Air conditioning contractor,"10205 Chesterton Dr, Dallas, TX 75238, United States",happelmechanical.com,happelmechanical@yahoo.com,+1 214-538-9225,4.9,175,"10205 Chesterton Dr, Dallas, TX 75238, United States",https://www.facebook.com/people/happel-mechanical/100057178371897/,Not Found,Not Found,Not Found,twitter.com,https://www.google.com/maps/place/Happel+Mechanical/data=!4m7!3m6!1s0x864ea0619b7aaaab:0xf0d98004ac504ec7!8m2!3d32.8815326!4d-96.7088747!16s%2Fg%2F11p0vxlpzp!19sChIJq6p6m2GgToYRx05QrASA2fA?authuser=0&hl=en&rclk=1,Dallas,TX
Koala Insulation of North Texas,Insulation contractor,"110 Rose Ln Ste 212, Frisco, TX 75036, United States",koalainsulation.com,Not Found,+1 469-638-9544,4.9,194,"110 Rose Ln Ste 212, Frisco, TX 75036, United States",Not Found,Not Found,Not Found,Not Found,Not Found,https://www.google.com/maps/place/Koala+Insulation+of+North+Texas/data=!4m7!3m6!1s0x864c3b4d184d1fdf:0x80f9906ac4d4a36a!8m2!3d33.151378!4d-96.915484!16s%2Fg%2F11pgczcsmh!19sChIJ3x9NGE07TIYRaqPUxGqQ-YA?authuser=0&hl=en&rclk=1,Dallas,TX
Berry Best Cooling & Heating,HVAC contractor,"3309 Elm St Suite 259, Dallas, TX 75226, United States",callberrybest.com,comfort@berrybestservices.com,+1 972-928-9482,5,109,"3309 Elm St Suite 259, Dallas, TX 75226, United States",https://www.facebook.com/profile.php?id=100090863241166,Not Found,Not Found,Not Found,Not Found,https://www.google.com/maps/place/Berry+Best+Cooling+%26+Heating/data=!4m7!3m6!1s0xa41fa2f839fb8c69:0x69a97b7f03aa06a7!8m2!3d32.7867085!4d-96.7779356!16s%2Fg%2F11srhj80tg!19sChIJaYz7OfiiH6QRpwaqA397qWk?authuser=0&hl=en&rclk=1,Dallas,TX
"Paschal Air, Plumbing & Electric",HVAC contractor,"12054 Forestgate Dr, Dallas, TX 75243, United States",gopaschal.com,info@gopaschal.com,+1 214-765-4817,4.6,419,"12054 Forestgate Dr, Dallas, TX 75243, United States",https://www.facebook.com/paschalairplumbingelectric/,https://www.instagram.com/paschal_air_plumbing_electric/,https://www.linkedin.com/company/paschalairplumbingelectric/,youtube.com,x.com,"https://www.google.com/maps/place/Paschal+Air,+Plumbing+%26+Electric/data=!4m7!3m6!1s0x864ea6989267554f:0xf65a4c4f0aac6f7d!8m2!3d32.9109321!4d-96.7036713!16s%2Fg%2F1tmk8xmm!19sChIJT1VnkpimToYRfW-sCk9MWvY?authuser=0&hl=en&rclk=1",Dallas,TX
billyGO Air Conditioning & Plumbing - Dallas,Plumber,"17430 Campbell Rd Ste 207, Dallas, TX 75252, United States",billygo.com,support@billygo.com,+1 214-267-9944,4.7,"1,375",billyGO Air Conditioning & Plumbing - Dallas,https://www.facebook.com/billygoairconditioningandplumbing,https://www.instagram.com/billygo.hvac.plumbing,https://www.linkedin.com/company/28123692,youtube.com,twitter.com,https://www.google.com/maps/place/billyGO+Air+Conditioning+%26+Plumbing+-+Dallas/data=!4m7!3m6!1s0x864c27e2d684b025:0x34fa5b3031536ba7!8m2!3d32.9906471!4d-96.8067158!16s%2Fg%2F11b808sxdl!19sChIJJbCE1uInTIYRp2tTMTBb-jQ?authuser=0&hl=en&rclk=1,Dallas,TX
Roma services HVAC,HVAC contractor,"10420 Plano Rd #116, Dallas, TX 75238, United States",romaserviceshvac.com,contact@romaserviceshvac.com,+1 469-487-8323,5,47,"10420 Plano Rd #116, Dallas, TX 75238, United States",https://facebook.com/romaserviceshvac,https://instagram.com/romaserviceshvac/,Not Found,Not Found,Not Found,https://www.google.com/maps/place/Roma+services+HVAC/data=!4m7!3m6!1s0xe05e88c08a9af25:0x88fd515cf81c8efb!8m2!3d32.8907956!4d-96.6996128!16s%2Fg%2F11rm_kt5y9!19sChIJJa-pCIzoBQ4R-44c-FxR_Yg?authuser=0&hl=en&rclk=1,Dallas,TX
Airtemp Ac and Heating,Air conditioning repair service,Not Found,airtempdallas.com,airtemp12@yahoo.com,+1 214-766-3962,4.9,84,Jesus has been very helpful. Super responsive. Knows his stuff and will get you through your issues. I had some tough stuff and he just knocks it out. Old house with a weird ac closet and he resolved it at my rental. Also at my main house … More,https://www.facebook.com/airtempacandheating/,https://www.instagram.com/airtemp.ac/,Not Found,Not Found,x.com,https://www.google.com/maps/place/Airtemp+Ac+and+Heating/data=!4m7!3m6!1s0x864e90a54cb2f293:0x696bd31cf7af03e5!8m2!3d32.6859492!4d-96.9562736!16s%2Fg%2F12cp6jy5y!19sChIJk_KyTKWQToYR5QOv9xzTa2k?authuser=0&hl=en&rclk=1,Dallas,TX
"Baker Brothers Plumbing, Air & Electric",Plumber·,"2615 Big Town Blvd, Mesquite, TX 75150, United States",bakerbrothersplumbing.com,Not Found,+1 214-324-8811,4.8,"24,566","2615 Big Town Blvd, Mesquite, TX 75150, United States",https://www.facebook.com/bakerbrothersplumbing,Not Found,Not Found,youtube.com,twitter.com,"https://www.google.com/maps/place/Baker+Brothers+Plumbing,+Air+%26+Electric/data=!4m7!3m6!1s0x864e99246aaaaaab:0x3be596d64a29da76!8m2!3d32.8004991!4d-96.6688938!16s%2Fg%2F1tgxjgf1!19sChIJq6qqaiSZToYRdtopStaW5Ts?authuser=0&hl=en&rclk=1",Dallas,TX
Air Patrol Air Conditioning & Heating,HVAC contractor,"13644 Neutron Rd #100, Farmers Branch, TX 75244, United States",airpatrolac.com,Not Found,+1 214-261-0034,5,256,"13644 Neutron Rd #100, Farmers Branch, TX 75244, United States",https://www.facebook.com/airpatrol.ac.heating.fireplaces/,Not Found,Not Found,youtube.com,twitter.com,https://www.google.com/maps/place/Air+Patrol+Air+Conditioning+%26+Heating/data=!4m7!3m6!1s0x864c262e87d901ff:0x897ea99f62d086dc!8m2!3d32.9350113!4d-96.8344817!16s%2Fg%2F1vnrq_wz!19sChIJ_wHZhy4mTIYR3IbQYp-pfok?authuser=0&hl=en&rclk=1,Dallas,TX
Proactive Air Conditioning,HVAC contractor·,"6060 N Central Expy Suite 500, Dallas, TX 75206, United States",proactiveairconditioning.com,info@proactiveairconditioning.com,+1 469-921-1136,5,99,"6060 N Central Expy Suite 500, Dallas, TX 75206, United States",https://www.facebook.com/proactiveac6060/,https://www.instagram.com/proactiveac/,Not Found,Not Found,Not Found,https://www.google.com/maps/place/Proactive+Air+Conditioning/data=!4m7!3m6!1s0x864e9f774dd3d52f:0xed5e912e51ae568a!8m2!3d32.840028!4d-96.7747586!16s%2Fg%2F11vhgdkw39!19sChIJL9XTTXefToYRilauUS6RXu0?authuser=0&hl=en&rclk=1,Dallas,TX
"Milestone Electric, A/C, & Plumbing",Plumber·,"5414 Forest Ln, Dallas, TX 75229, United States",callmilestone.com,contact-us@callmilestone.com,+1 214-717-6708,4.9,"19,154","5414 Forest Ln, Dallas, TX 75229, United States",https://www.facebook.com/callmilestone,https://www.instagram.com/callmilestone/,Not Found,youtube.com,Not Found,"https://www.google.com/maps/place/Milestone+Electric,+A%2FC,+%26+Plumbing/data=!4m7!3m6!1s0x864c1da5fb36ce69:0x1e4d3d77c1acccfa!8m2!3d32.909159!4d-96.8153155!16s%2Fg%2F1jkvpyhm9!19sChIJac42-6UdTIYR-syswXc9TR4?authuser=0&hl=en&rclk=1",Dallas,TX
"Xtreme Air Services - HVAC, Plumbing, & Electrical",HVAC contractor·,"308 U.S. 80 Frontage Rd, Sunnyvale, TX 75182, United States",xtremeairservices.com,servicetoday@xtremeairservices.com,+1 972-288-2263,4.8,"2,688","Xtreme Air Services - HVAC, Plumbing, & Electrical",https://www.facebook.com/xtremeairservices/,https://www.instagram.com/xtremeairservices/,Not Found,youtu.be,twitter.com,"https://www.google.com/maps/place/Xtreme+Air+Services+-+HVAC,+Plumbing,+%26+Electrical/data=!4m7!3m6!1s0x864eaf89af7641b3:0x7840dc6eb025b7e4!8m2!3d32.7866971!4d-96.5779978!16s%2Fg%2F1jglxmc5x!19sChIJs0F2r4mvToYR5LclsG7cQHg?authuser=0&hl=en&rclk=1",Dallas,TX
"Climate Tech Air Conditioning & Heating, LLC",HVAC contractor,"13657 S Jupiter Rd #111, Dallas, TX 75238, United States",theclimatetech.com,Not Found,+1 972-254-6283,4.4,33,"Climate Tech Air Conditioning & Heating, LLC",Not Found,Not Found,Not Found,Not Found,Not Found,"https://www.google.com/maps/place/Climate+Tech+Air+Conditioning+%26+Heating,+LLC/data=!4m7!3m6!1s0x864c196751b196bf:0xb40435a7a51c6599!8m2!3d32.883856!4d-96.6834709!16s%2Fg%2F1tfm719v!19sChIJv5axUWcZTIYRmWUcpac1BLQ?authuser=0&hl=en&rclk=1",Dallas,TX
Cactus Cooling & Heating,Air conditioning repair service,"2530 W 10th St, Dallas, TX 75211, United States",cactuscoolingheating.com,Not Found,+1 214-817-0448,4.9,88,"2530 W 10th St, Dallas, TX 75211, United States",https://www.facebook.com/hernandezairandheat/,https://www.instagram.com/hernandezacandheat/,Not Found,Not Found,Not Found,https://www.google.com/maps/place/Cactus+Cooling+%26+Heating/data=!4m7!3m6!1s0x6d4a8cdd2e3928c9:0xced5dca1d0e805fc!8m2!3d32.7448632!4d-96.8601661!16s%2Fg%2F11rhw643xt!19sChIJySg5Lt2MSm0R_AXo0KHc1c4?authuser=0&hl=en&rclk=1,Dallas,TX